bike;2;dt;0.01;stholes;256;500;relative;34.542369
bike;2;dt;0.01;kde_heuristic;512;0;relative;36.086632
bike;2;dt;0.01;kde_adaptive;512;500;relative;34.075278
bike;2;dt;0.01;kde_batch;512;500;relative;33.511049
bike;2;dt;0.01;kde_optimal;512;1000;relative;31.155322
bike;2;dt;0.01;stholes;256;500;relative;29.383349
bike;2;dt;0.01;kde_heuristic;512;0;relative;36.751421
bike;2;dt;0.01;kde_adaptive;512;500;relative;37.526157
bike;2;dt;0.01;kde_batch;512;500;relative;34.301917
bike;2;dt;0.01;kde_optimal;512;1000;relative;34.793332
bike;2;dt;0.01;stholes;256;500;relative;11.347905
bike;2;dt;0.01;kde_heuristic;512;0;relative;31.738217
bike;2;dt;0.01;kde_adaptive;512;500;relative;35.380376
bike;2;dt;0.01;kde_batch;512;500;relative;36.223824
bike;2;dt;0.01;kde_optimal;512;1000;relative;34.535844
bike;2;dt;0.01;kde_heuristic;512;0;relative;33.259293
bike;2;dt;0.01;kde_adaptive;512;500;relative;33.860407
forest;3;dv;0.01;stholes;256;500;relative;212.275507
forest;3;dv;0.01;kde_heuristic;512;0;relative;28.926212
forest;3;dv;0.01;kde_adaptive;512;500;relative;57.367270
forest;3;dv;0.01;kde_batch;512;500;relative;31.211462
forest;3;dv;0.01;kde_optimal;512;1000;relative;26.485731
forest;3;dv;0.01;kde_heuristic;512;0;relative;31.772596
forest;3;dv;0.01;kde_adaptive;512;500;relative;57.334682
forest;3;dv;0.01;kde_batch;512;500;relative;27.585968
forest;3;dv;0.01;kde_optimal;512;1000;relative;30.690916
forest;3;dv;0.01;stholes;256;500;relative;387.051870
forest;3;dv;0.01;kde_heuristic;512;0;relative;28.391809
forest;3;dv;0.01;kde_adaptive;512;500;relative;41.716192
forest;3;dv;0.01;kde_batch;512;500;relative;29.801468
forest;3;dv;0.01;kde_optimal;512;1000;relative;27.749307
forest;3;dv;0.01;stholes;256;500;relative;355.467674
forest;3;dv;0.01;kde_heuristic;512;0;relative;29.185687
forest;3;dv;0.01;kde_adaptive;512;500;relative;47.976113
forest;3;dv;0.01;kde_batch;512;500;relative;27.180437
forest;3;dv;0.01;kde_optimal;512;1000;relative;27.727239
forest;3;dv;0.01;kde_adaptive;512;500;relative;50.452704
forest;3;dv;0.01;kde_batch;512;500;relative;28.661934
forest;3;dv;0.01;kde_optimal;512;1000;relative;27.536145
forest;3;ut;0.01;kde_heuristic;512;0;relative;52.569985
forest;3;ut;0.01;kde_adaptive;512;500;relative;29.619773
forest;3;ut;0.01;kde_batch;512;500;relative;28.916176
forest;3;ut;0.01;kde_optimal;512;1000;relative;34.838906
forest;3;ut;0.01;stholes;256;500;relative;723.360583
forest;3;ut;0.01;kde_heuristic;512;0;relative;47.711092
forest;3;ut;0.01;kde_adaptive;512;500;relative;32.676691
forest;3;ut;0.01;kde_batch;512;500;relative;33.164092
forest;3;ut;0.01;kde_optimal;512;1000;relative;28.099966
forest;3;ut;0.01;stholes;256;500;relative;604.089675
forest;3;ut;0.01;kde_heuristic;512;0;relative;56.613453
forest;3;ut;0.01;kde_adaptive;512;500;relative;35.748051
forest;3;ut;0.01;kde_batch;512;500;relative;36.215302
forest;3;ut;0.01;kde_optimal;512;1000;relative;33.200338
forest;3;ut;0.01;kde_adaptive;512;500;relative;76.338679
forest;3;ut;0.01;kde_batch;512;500;relative;29.200638
forest;3;ut;0.01;kde_optimal;512;1000;relative;36.921050
forest;3;ut;0.01;stholes;256;500;relative;nan
forest;3;ut;0.01;kde_heuristic;512;0;relative;56.188116
forest;3;ut;0.01;kde_adaptive;512;500;relative;33.579939
forest;3;ut;0.01;kde_batch;512;500;relative;35.463750
forest;3;ut;0.01;kde_optimal;512;1000;relative;31.700184
forest;3;uv;0.01;stholes;256;500;relative;595.572310
forest;3;uv;0.01;kde_heuristic;512;0;relative;168.728964
forest;3;uv;0.01;kde_adaptive;512;500;relative;384.518122
forest;3;uv;0.01;kde_batch;512;500;relative;66.089250
forest;3;uv;0.01;kde_optimal;512;1000;relative;78.505078
forest;3;uv;0.01;stholes;256;500;relative;640.371173
forest;3;uv;0.01;kde_heuristic;512;0;relative;158.184315
forest;3;uv;0.01;kde_adaptive;512;500;relative;286.999548
forest;3;uv;0.01;kde_batch;512;500;relative;81.812233
forest;3;uv;0.01;kde_optimal;512;1000;relative;53.741414
forest;3;uv;0.01;kde_adaptive;512;500;relative;815.171975
forest;3;uv;0.01;kde_batch;512;500;relative;64.886564
forest;3;uv;0.01;kde_optimal;512;1000;relative;64.747328
forest;3;uv;0.01;stholes;256;500;relative;2178.500881
forest;3;uv;0.01;kde_heuristic;512;0;relative;326.683684
forest;3;uv;0.01;kde_adaptive;512;500;relative;481.587888
forest;3;uv;0.01;kde_batch;512;500;relative;90.156185
forest;3;uv;0.01;kde_optimal;512;1000;relative;72.985991
forest;3;uv;0.01;stholes;256;500;relative;660.628331
forest;3;uv;0.01;kde_heuristic;512;0;relative;513.871825
forest;3;uv;0.01;kde_adaptive;512;500;relative;388.395138
forest;3;uv;0.01;kde_batch;512;500;relative;125.300470
forest;3;uv;0.01;kde_optimal;512;1000;relative;55.608612
forest;5;dt;0.01;stholes;256;500;relative;108.506103
forest;5;dt;0.01;kde_heuristic;512;0;relative;54.956987
forest;5;dt;0.01;kde_adaptive;512;500;relative;28.368122
forest;5;dt;0.01;kde_batch;512;500;relative;30.892713
forest;5;dt;0.01;kde_optimal;512;1000;relative;27.832374
forest;5;dt;0.01;stholes;256;500;relative;107.220627
forest;5;dt;0.01;kde_heuristic;512;0;relative;53.640441
forest;5;dt;0.01;kde_adaptive;512;500;relative;29.896640
forest;5;dt;0.01;kde_batch;512;500;relative;29.422758
forest;5;dt;0.01;kde_optimal;512;1000;relative;27.748408
forest;5;dt;0.01;stholes;256;500;relative;1244.110850
forest;5;dt;0.01;kde_heuristic;512;0;relative;53.041419
forest;5;dt;0.01;kde_adaptive;512;500;relative;30.427653
forest;5;dt;0.01;kde_batch;512;500;relative;26.904638
forest;5;dt;0.01;kde_optimal;512;1000;relative;28.400784
forest;5;dt;0.01;stholes;256;500;relative;111.573437
forest;5;dt;0.01;kde_heuristic;512;0;relative;56.079954
forest;5;dt;0.01;kde_adaptive;512;500;relative;31.636145
forest;5;dt;0.01;kde_batch;512;500;relative;27.351528
forest;5;dt;0.01;kde_optimal;512;1000;relative;27.428997
forest;5;dt;0.01;stholes;256;500;relative;430.797326
forest;5;dt;0.01;kde_heuristic;512;0;relative;53.575568
forest;5;dt;0.01;kde_adaptive;512;500;relative;28.149791
forest;5;dt;0.01;kde_batch;512;500;relative;29.612018
forest;5;dt;0.01;kde_optimal;512;1000;relative;26.872902
forest;5;dv;0.01;stholes;256;500;relative;1937.944065
forest;5;dv;0.01;kde_heuristic;512;0;relative;38.213256
forest;5;dv;0.01;kde_adaptive;512;500;relative;48.039128
forest;5;dv;0.01;kde_batch;512;500;relative;33.059461
forest;5;dv;0.01;kde_optimal;512;1000;relative;34.675538
forest;5;dv;0.01;stholes;256;500;relative;1817.775747
forest;5;dv;0.01;kde_heuristic;512;0;relative;517.619990
forest;5;dv;0.01;kde_adaptive;512;500;relative;56.591094
forest;5;dv;0.01;kde_batch;512;500;relative;34.495787
forest;5;dv;0.01;kde_optimal;512;1000;relative;36.873983
forest;5;dv;0.01;stholes;256;500;relative;1674.634683
forest;5;dv;0.01;kde_heuristic;512;0;relative;37.232069
forest;5;dv;0.01;kde_adaptive;512;500;relative;60.214031
forest;5;dv;0.01;kde_batch;512;500;relative;32.557374
forest;5;dv;0.01;kde_optimal;512;1000;relative;34.195059
forest;5;dv;0.01;stholes;256;500;relative;2020.669863
forest;5;dv;0.01;kde_heuristic;512;0;relative;39.267406
forest;5;dv;0.01;kde_adaptive;512;500;relative;43.509118
forest;5;dv;0.01;kde_batch;512;500;relative;32.460314
forest;5;dv;0.01;kde_optimal;512;1000;relative;33.312228
forest;5;dv;0.01;stholes;256;500;relative;1732.783912
forest;5;dv;0.01;kde_heuristic;512;0;relative;37.449859
forest;5;dv;0.01;kde_adaptive;512;500;relative;41.954148
forest;5;dv;0.01;kde_batch;512;500;relative;34.518935
forest;5;dv;0.01;kde_optimal;512;1000;relative;35.005958
forest;5;ut;0.01;stholes;256;500;relative;nan
forest;5;ut;0.01;kde_heuristic;512;0;relative;43.778833
forest;5;ut;0.01;kde_adaptive;512;500;relative;43.652246
forest;5;ut;0.01;kde_batch;512;500;relative;26.833200
forest;5;ut;0.01;kde_optimal;512;1000;relative;32.636312
forest;5;ut;0.01;kde_adaptive;512;500;relative;29.780437
forest;5;ut;0.01;kde_batch;512;500;relative;27.629430
forest;5;ut;0.01;kde_optimal;512;1000;relative;27.973145
forest;5;ut;0.01;stholes;256;500;relative;nan
forest;5;ut;0.01;kde_heuristic;512;0;relative;46.555510
forest;5;ut;0.01;kde_adaptive;512;500;relative;28.854057
forest;5;ut;0.01;kde_batch;512;500;relative;33.430446
forest;5;ut;0.01;kde_optimal;512;1000;relative;28.523321
forest;5;ut;0.01;kde_adaptive;512;500;relative;33.892616
forest;5;ut;0.01;kde_batch;512;500;relative;26.530227
forest;5;ut;0.01;kde_optimal;512;1000;relative;26.395628
forest;5;ut;0.01;stholes;256;500;relative;nan
forest;5;ut;0.01;kde_heuristic;512;0;relative;44.791469
forest;5;ut;0.01;kde_adaptive;512;500;relative;40.498689
forest;5;ut;0.01;kde_batch;512;500;relative;27.740916
forest;5;ut;0.01;kde_optimal;512;1000;relative;28.861241
forest;5;uv;0.01;stholes;256;500;relative;1419.305695
forest;5;uv;0.01;kde_heuristic;512;0;relative;143.499773
forest;5;uv;0.01;kde_adaptive;512;500;relative;282.264688
forest;5;uv;0.01;kde_batch;512;500;relative;24.774826
forest;5;uv;0.01;kde_optimal;512;1000;relative;21.712661
forest;5;uv;0.01;stholes;256;500;relative;1367.715266
forest;5;uv;0.01;kde_heuristic;512;0;relative;119.702419
forest;5;uv;0.01;kde_adaptive;512;500;relative;256.311754
forest;5;uv;0.01;kde_batch;512;500;relative;21.430576
forest;5;uv;0.01;kde_optimal;512;1000;relative;18.925969
forest;5;uv;0.01;stholes;256;500;relative;3047.750566
forest;5;uv;0.01;kde_heuristic;512;0;relative;155.792768
forest;5;uv;0.01;kde_adaptive;512;500;relative;161.680032
forest;5;uv;0.01;kde_batch;512;500;relative;22.665938
forest;5;uv;0.01;kde_optimal;512;1000;relative;21.119727
forest;5;uv;0.01;stholes;256;500;relative;3248.216499
forest;5;uv;0.01;kde_heuristic;512;0;relative;185.198832
forest;5;uv;0.01;kde_adaptive;512;500;relative;169.408333
forest;5;uv;0.01;kde_batch;512;500;relative;73.634726
forest;5;uv;0.01;kde_optimal;512;1000;relative;23.632362
forest;5;uv;0.01;stholes;256;500;relative;2584.546788
forest;5;uv;0.01;kde_heuristic;512;0;relative;248.723947
forest;5;uv;0.01;kde_adaptive;512;500;relative;176.082151
forest;5;uv;0.01;kde_batch;512;500;relative;81.341935
forest;5;uv;0.01;kde_optimal;512;1000;relative;21.658995
forest;8;dt;0.01;stholes;256;500;relative;293.316549
forest;8;dt;0.01;kde_heuristic;512;0;relative;66.146365
forest;8;dt;0.01;kde_adaptive;512;500;relative;30.278321
forest;8;dt;0.01;kde_batch;512;500;relative;30.267104
forest;8;dt;0.01;kde_optimal;512;1000;relative;26.605721
forest;8;dt;0.01;stholes;256;500;relative;320.929523
forest;8;dt;0.01;kde_heuristic;512;0;relative;68.272266
forest;8;dt;0.01;kde_adaptive;512;500;relative;33.396463
forest;8;dt;0.01;kde_batch;512;500;relative;27.669768
forest;8;dt;0.01;kde_optimal;512;1000;relative;31.254928
forest;8;dt;0.01;stholes;256;500;relative;615.889269
forest;8;dt;0.01;kde_heuristic;512;0;relative;68.030849
forest;8;dt;0.01;kde_adaptive;512;500;relative;36.460312
forest;8;dt;0.01;kde_batch;512;500;relative;26.942908
forest;8;dt;0.01;kde_optimal;512;1000;relative;29.801317
forest;8;dt;0.01;kde_adaptive;512;500;relative;34.017686
forest;8;dt;0.01;kde_batch;512;500;relative;28.975033
forest;8;dt;0.01;kde_optimal;512;1000;relative;28.903554
forest;8;dt;0.01;stholes;256;500;relative;305.081965
forest;8;dt;0.01;kde_heuristic;512;0;relative;66.187647
forest;8;dt;0.01;kde_adaptive;512;500;relative;34.001061
forest;8;dt;0.01;kde_batch;512;500;relative;32.588097
forest;8;dt;0.01;kde_optimal;512;1000;relative;27.548591
forest;8;dv;0.01;stholes;256;500;relative;4625.259710
forest;8;dv;0.01;kde_heuristic;512;0;relative;69.339560
forest;8;dv;0.01;kde_adaptive;512;500;relative;64.164922
forest;8;dv;0.01;kde_batch;512;500;relative;65.423596
forest;8;dv;0.01;kde_optimal;512;1000;relative;57.937048
forest;8;dv;0.01;stholes;256;500;relative;4114.645400
forest;8;dv;0.01;kde_heuristic;512;0;relative;69.770697
forest;8;dv;0.01;kde_adaptive;512;500;relative;62.858533
forest;8;dv;0.01;kde_batch;512;500;relative;55.838207
forest;8;dv;0.01;kde_optimal;512;1000;relative;61.204218
forest;8;dv;0.01;stholes;256;500;relative;4586.631698
forest;8;dv;0.01;kde_heuristic;512;0;relative;68.778946
forest;8;dv;0.01;kde_adaptive;512;500;relative;63.285193
forest;8;dv;0.01;kde_batch;512;500;relative;57.518998
forest;8;dv;0.01;kde_optimal;512;1000;relative;68.225889
forest;8;dv;0.01;stholes;256;500;relative;4387.260365
forest;8;dv;0.01;kde_heuristic;512;0;relative;69.285565
forest;8;dv;0.01;kde_adaptive;512;500;relative;59.127112
forest;8;dv;0.01;kde_batch;512;500;relative;56.465489
forest;8;dv;0.01;kde_optimal;512;1000;relative;55.742979
forest;8;dv;0.01;stholes;256;500;relative;4705.935363
forest;8;dv;0.01;kde_heuristic;512;0;relative;69.616434
forest;8;dv;0.01;kde_adaptive;512;500;relative;62.797695
forest;8;dv;0.01;kde_batch;512;500;relative;60.320588
forest;8;dv;0.01;kde_optimal;512;1000;relative;56.683186
forest;8;ut;0.01;stholes;256;500;relative;379.082760
forest;8;ut;0.01;kde_heuristic;512;0;relative;41.674905
forest;8;ut;0.01;kde_adaptive;512;500;relative;34.572475
forest;8;ut;0.01;kde_batch;512;500;relative;28.783740
forest;8;ut;0.01;kde_optimal;512;1000;relative;29.729273
forest;8;ut;0.01;stholes;256;500;relative;432.660681
forest;8;ut;0.01;kde_heuristic;512;0;relative;46.191113
forest;8;ut;0.01;kde_adaptive;512;500;relative;39.151434
forest;8;ut;0.01;kde_batch;512;500;relative;30.317546
forest;8;ut;0.01;kde_optimal;512;1000;relative;29.697363
forest;8;ut;0.01;stholes;256;500;relative;408.405702
forest;8;ut;0.01;kde_heuristic;512;0;relative;45.434057
forest;8;ut;0.01;kde_adaptive;512;500;relative;40.760531
forest;8;ut;0.01;kde_batch;512;500;relative;28.251218
forest;8;ut;0.01;kde_optimal;512;1000;relative;28.474207
forest;8;ut;0.01;stholes;256;500;relative;425.427599
forest;8;ut;0.01;kde_heuristic;512;0;relative;43.828792
forest;8;ut;0.01;kde_adaptive;512;500;relative;41.247239
forest;8;ut;0.01;kde_batch;512;500;relative;28.781981
forest;8;ut;0.01;kde_optimal;512;1000;relative;26.951282
forest;8;ut;0.01;kde_adaptive;512;500;relative;41.263014
forest;8;ut;0.01;kde_batch;512;500;relative;28.602722
forest;8;ut;0.01;kde_optimal;512;1000;relative;29.314944
forest;8;uv;0.01;stholes;256;500;relative;145.683724
forest;8;uv;0.01;kde_heuristic;512;0;relative;43.918571
forest;8;uv;0.01;kde_adaptive;512;500;relative;40.749032
forest;8;uv;0.01;kde_batch;512;500;relative;5.013686
forest;8;uv;0.01;kde_optimal;512;1000;relative;4.143388
forest;8;uv;0.01;stholes;256;500;relative;188.533476
forest;8;uv;0.01;kde_heuristic;512;0;relative;76.380473
forest;8;uv;0.01;kde_adaptive;512;500;relative;61.837440
forest;8;uv;0.01;kde_batch;512;500;relative;11.725852
forest;8;uv;0.01;kde_optimal;512;1000;relative;4.028380
forest;8;uv;0.01;stholes;256;500;relative;318.349570
forest;8;uv;0.01;kde_heuristic;512;0;relative;67.494241
forest;8;uv;0.01;kde_adaptive;512;500;relative;42.989319
forest;8;uv;0.01;kde_batch;512;500;relative;4.865617
forest;8;uv;0.01;kde_optimal;512;1000;relative;4.453295
forest;8;uv;0.01;stholes;256;500;relative;187.836330
forest;8;uv;0.01;kde_heuristic;512;0;relative;64.535533
forest;8;uv;0.01;kde_adaptive;512;500;relative;62.340351
forest;8;uv;0.01;kde_batch;512;500;relative;9.563309
forest;8;uv;0.01;kde_optimal;512;1000;relative;3.812205
forest;8;uv;0.01;stholes;256;500;relative;176.996422
forest;8;uv;0.01;kde_heuristic;512;0;relative;48.047634
forest;8;uv;0.01;kde_adaptive;512;500;relative;53.800880
forest;8;uv;0.01;kde_batch;512;500;relative;4.624528
forest;8;uv;0.01;kde_optimal;512;1000;relative;4.141032
set1;2;dt;0.01;stholes;256;500;relative;10.186837
set1;2;dt;0.01;kde_heuristic;512;0;relative;39.369951
set1;2;dt;0.01;kde_adaptive;512;500;relative;37.606226
set1;2;dt;0.01;kde_batch;512;500;relative;31.642723
set1;2;dt;0.01;kde_optimal;512;1000;relative;27.426572
set1;2;dt;0.01;stholes;256;500;relative;10.158512
set1;2;dt;0.01;kde_heuristic;512;0;relative;40.956176
set1;2;dt;0.01;kde_adaptive;512;500;relative;38.383297
set1;2;dt;0.01;kde_batch;512;500;relative;29.118974
set1;2;dt;0.01;kde_optimal;512;1000;relative;27.780123
set1;2;dt;0.01;stholes;256;500;relative;10.708995
set1;2;dt;0.01;kde_heuristic;512;0;relative;42.240110
set1;2;dt;0.01;kde_adaptive;512;500;relative;33.876012
set1;2;dt;0.01;kde_batch;512;500;relative;27.106568
set1;2;dt;0.01;kde_optimal;512;1000;relative;25.808831
set1;2;dt;0.01;stholes;256;500;relative;11.148854
set1;2;dt;0.01;kde_heuristic;512;0;relative;39.825825
set1;2;dt;0.01;kde_adaptive;512;500;relative;35.441423
set1;2;dt;0.01;kde_batch;512;500;relative;27.853052
set1;2;dt;0.01;kde_optimal;512;1000;relative;23.716993
set1;2;dt;0.01;stholes;256;500;relative;13.390889
set1;2;dt;0.01;kde_heuristic;512;0;relative;42.694294
set1;2;dt;0.01;kde_adaptive;512;500;relative;38.393700
set1;2;dt;0.01;kde_batch;512;500;relative;28.390296
set1;2;dt;0.01;kde_optimal;512;1000;relative;27.564206
set1;2;dv;0.01;stholes;256;500;relative;549.841077
set1;2;dv;0.01;kde_heuristic;512;0;relative;49.544046
set1;2;dv;0.01;kde_adaptive;512;500;relative;87.531777
set1;2;dv;0.01;kde_batch;512;500;relative;35.944426
set1;2;dv;0.01;kde_optimal;512;1000;relative;44.957492
set1;2;dv;0.01;stholes;256;500;relative;364.947577
set1;2;dv;0.01;kde_heuristic;512;0;relative;54.258664
set1;2;dv;0.01;kde_adaptive;512;500;relative;90.234725
set1;2;dv;0.01;kde_batch;512;500;relative;32.455727
set1;2;dv;0.01;kde_optimal;512;1000;relative;30.944353
set1;2;dv;0.01;stholes;256;500;relative;561.168270
set1;2;dv;0.01;kde_heuristic;512;0;relative;50.751917
set1;2;dv;0.01;kde_adaptive;512;500;relative;100.718460
set1;2;dv;0.01;kde_batch;512;500;relative;27.348320
set1;2;dv;0.01;kde_optimal;512;1000;relative;43.280895
set1;2;dv;0.01;stholes;256;500;relative;650.180628
set1;2;dv;0.01;kde_heuristic;512;0;relative;55.462833
set1;2;dv;0.01;kde_adaptive;512;500;relative;85.024257
set1;2;dv;0.01;kde_batch;512;500;relative;32.690053
set1;2;dv;0.01;kde_optimal;512;1000;relative;32.736583
set1;2;dv;0.01;kde_heuristic;512;0;relative;53.062805
set1;2;dv;0.01;kde_adaptive;512;500;relative;86.848055
set1;2;dv;0.01;kde_batch;512;500;relative;46.062702
set1;2;dv;0.01;kde_optimal;512;1000;relative;30.340525
set1;2;ut;0.01;stholes;256;500;relative;13.761896
set1;2;ut;0.01;kde_heuristic;512;0;relative;59.226101
set1;2;ut;0.01;kde_adaptive;512;500;relative;38.946330
set1;2;ut;0.01;kde_batch;512;500;relative;29.490769
set1;2;ut;0.01;kde_optimal;512;1000;relative;27.318432
set1;2;ut;0.01;stholes;256;500;relative;680.984872
set1;2;ut;0.01;kde_heuristic;512;0;relative;54.220394
set1;2;ut;0.01;kde_adaptive;512;500;relative;33.876910
set1;2;ut;0.01;kde_batch;512;500;relative;29.779271
set1;2;ut;0.01;kde_optimal;512;1000;relative;29.898755
set1;2;ut;0.01;stholes;256;500;relative;12.083341
set1;2;ut;0.01;kde_heuristic;512;0;relative;53.354242
set1;2;ut;0.01;kde_adaptive;512;500;relative;35.904252
set1;2;ut;0.01;kde_batch;512;500;relative;32.300764
set1;2;ut;0.01;kde_optimal;512;1000;relative;34.715735
set1;2;ut;0.01;stholes;256;500;relative;13.563967
set1;2;ut;0.01;kde_heuristic;512;0;relative;54.281116
set1;2;ut;0.01;kde_adaptive;512;500;relative;37.467750
set1;2;ut;0.01;kde_batch;512;500;relative;31.786507
set1;2;ut;0.01;kde_optimal;512;1000;relative;31.257243
set1;2;ut;0.01;kde_heuristic;512;0;relative;57.015919
set1;2;ut;0.01;kde_adaptive;512;500;relative;34.954541
set1;2;ut;0.01;kde_batch;512;500;relative;37.147699
set1;2;ut;0.01;kde_optimal;512;1000;relative;30.999737
set1;2;uv;0.01;stholes;256;500;relative;1015.997332
set1;2;uv;0.01;kde_heuristic;512;0;relative;4823.280134
set1;2;uv;0.01;kde_adaptive;512;500;relative;496.976623
set1;2;uv;0.01;kde_batch;512;500;relative;79.565000
set1;2;uv;0.01;kde_optimal;512;1000;relative;104.869226
set1;2;uv;0.01;stholes;256;500;relative;928.525081
set1;2;uv;0.01;kde_heuristic;512;0;relative;3771.749797
set1;2;uv;0.01;kde_adaptive;512;500;relative;1297.738073
set1;2;uv;0.01;kde_batch;512;500;relative;86.777882
set1;2;uv;0.01;kde_optimal;512;1000;relative;73.414808
set1;2;uv;0.01;stholes;256;500;relative;1270.158661
set1;2;uv;0.01;kde_heuristic;512;0;relative;4730.162546
set1;2;uv;0.01;kde_adaptive;512;500;relative;166.581683
set1;2;uv;0.01;kde_batch;512;500;relative;102.960250
set1;2;uv;0.01;kde_optimal;512;1000;relative;117.018641
set1;2;uv;0.01;stholes;256;500;relative;2234.254703
set1;2;uv;0.01;kde_heuristic;512;0;relative;3105.383084
set1;2;uv;0.01;kde_adaptive;512;500;relative;543.553697
set1;2;uv;0.01;kde_batch;512;500;relative;125.709716
set1;2;uv;0.01;kde_optimal;512;1000;relative;90.056502
set1;2;uv;0.01;stholes;256;500;relative;1110.172536
set1;2;uv;0.01;kde_heuristic;512;0;relative;4201.956750
set1;2;uv;0.01;kde_adaptive;512;500;relative;157.359620
set1;2;uv;0.01;kde_batch;512;500;relative;91.777625
set1;2;uv;0.01;kde_optimal;512;1000;relative;84.803157
set1;3;dt;0.01;kde_heuristic;512;0;relative;56.329917
set1;3;dt;0.01;kde_adaptive;512;500;relative;39.974230
set1;3;dt;0.01;kde_batch;512;500;relative;31.916253
set1;3;dt;0.01;kde_optimal;512;1000;relative;28.740152
set1;3;dt;0.01;stholes;256;500;relative;28.256431
set1;3;dt;0.01;kde_heuristic;512;0;relative;57.173384
set1;3;dt;0.01;kde_adaptive;512;500;relative;36.623080
set1;3;dt;0.01;kde_batch;512;500;relative;32.773967
set1;3;dt;0.01;kde_optimal;512;1000;relative;34.621196
set1;3;dt;0.01;stholes;256;500;relative;30.545251
set1;3;dt;0.01;kde_heuristic;512;0;relative;57.867102
set1;3;dt;0.01;kde_adaptive;512;500;relative;38.292292
set1;3;dt;0.01;kde_batch;512;500;relative;30.445800
set1;3;dt;0.01;kde_optimal;512;1000;relative;29.980773
set1;3;dt;0.01;stholes;256;500;relative;29.286730
set1;3;dt;0.01;kde_heuristic;512;0;relative;56.878917
set1;3;dt;0.01;kde_adaptive;512;500;relative;40.435208
set1;3;dt;0.01;kde_batch;512;500;relative;31.330015
set1;3;dt;0.01;kde_optimal;512;1000;relative;29.599478
set1;3;dt;0.01;stholes;256;500;relative;30.386899
set1;3;dt;0.01;kde_heuristic;512;0;relative;57.100692
set1;3;dt;0.01;kde_adaptive;512;500;relative;37.612207
set1;3;dt;0.01;kde_batch;512;500;relative;27.100802
set1;3;dt;0.01;kde_optimal;512;1000;relative;31.629466
set1;3;dv;0.01;stholes;256;500;relative;945.028283
set1;3;dv;0.01;kde_heuristic;512;0;relative;78.919219
set1;3;dv;0.01;kde_adaptive;512;500;relative;80.408538
set1;3;dv;0.01;kde_batch;512;500;relative;56.891660
set1;3;dv;0.01;kde_optimal;512;1000;relative;48.060703
set1;3;dv;0.01;stholes;256;500;relative;544.449166
set1;3;dv;0.01;kde_heuristic;512;0;relative;77.170990
set1;3;dv;0.01;kde_adaptive;512;500;relative;86.012169
set1;3;dv;0.01;kde_batch;512;500;relative;51.045573
set1;3;dv;0.01;kde_optimal;512;1000;relative;55.282467
set1;3;dv;0.01;stholes;256;500;relative;482.208843
set1;3;dv;0.01;kde_heuristic;512;0;relative;81.590769
set1;3;dv;0.01;kde_adaptive;512;500;relative;72.551218
set1;3;dv;0.01;kde_batch;512;500;relative;55.533947
set1;3;dv;0.01;kde_optimal;512;1000;relative;58.260074
set1;3;dv;0.01;kde_heuristic;512;0;relative;81.003301
set1;3;dv;0.01;kde_adaptive;512;500;relative;64.860194
set1;3;dv;0.01;kde_batch;512;500;relative;71.315140
set1;3;dv;0.01;kde_optimal;512;1000;relative;47.829274
set1;3;dv;0.01;stholes;256;500;relative;349.198208
set1;3;dv;0.01;kde_heuristic;512;0;relative;78.316198
set1;3;dv;0.01;kde_adaptive;512;500;relative;77.364984
set1;3;dv;0.01;kde_batch;512;500;relative;61.462522
set1;3;dv;0.01;kde_optimal;512;1000;relative;62.141364
set1;3;ut;0.01;stholes;256;500;relative;38.735209
set1;3;ut;0.01;kde_heuristic;512;0;relative;54.383204
set1;3;ut;0.01;kde_adaptive;512;500;relative;37.338070
set1;3;ut;0.01;kde_batch;512;500;relative;32.189221
set1;3;ut;0.01;kde_optimal;512;1000;relative;35.404130
set1;3;ut;0.01;stholes;256;500;relative;39.819147
set1;3;ut;0.01;kde_heuristic;512;0;relative;52.934106
set1;3;ut;0.01;kde_adaptive;512;500;relative;38.924735
set1;3;ut;0.01;kde_batch;512;500;relative;35.350905
set1;3;ut;0.01;kde_optimal;512;1000;relative;33.024758
set1;3;ut;0.01;stholes;256;500;relative;34.861131
set1;3;ut;0.01;kde_heuristic;512;0;relative;52.681848
set1;3;ut;0.01;kde_adaptive;512;500;relative;33.588169
set1;3;ut;0.01;kde_batch;512;500;relative;34.462171
set1;3;ut;0.01;kde_optimal;512;1000;relative;31.533981
set1;3;ut;0.01;stholes;256;500;relative;43.953229
set1;3;ut;0.01;kde_heuristic;512;0;relative;52.798350
set1;3;ut;0.01;kde_adaptive;512;500;relative;61.528148
set1;3;ut;0.01;kde_batch;512;500;relative;36.532127
set1;3;ut;0.01;kde_optimal;512;1000;relative;35.479742
set1;3;ut;0.01;stholes;256;500;relative;42.265697
set1;3;ut;0.01;kde_heuristic;512;0;relative;56.517876
set1;3;ut;0.01;kde_adaptive;512;500;relative;37.082100
set1;3;ut;0.01;kde_batch;512;500;relative;37.158945
set1;3;ut;0.01;kde_optimal;512;1000;relative;34.378532
set1;3;uv;0.01;stholes;256;500;relative;2048.764342
set1;3;uv;0.01;kde_heuristic;512;0;relative;3887.681837
set1;3;uv;0.01;kde_adaptive;512;500;relative;1327.222008
set1;3;uv;0.01;kde_batch;512;500;relative;114.391735
set1;3;uv;0.01;kde_optimal;512;1000;relative;83.622022
set1;3;uv;0.01;stholes;256;500;relative;2141.432251
set1;3;uv;0.01;kde_heuristic;512;0;relative;3292.316034
set1;3;uv;0.01;kde_adaptive;512;500;relative;802.185972
set1;3;uv;0.01;kde_batch;512;500;relative;112.907674
set1;3;uv;0.01;kde_optimal;512;1000;relative;100.952014
set1;3;uv;0.01;stholes;256;500;relative;2209.940414
set1;3;uv;0.01;kde_heuristic;512;0;relative;4051.286892
set1;3;uv;0.01;kde_adaptive;512;500;relative;85.989920
set1;3;uv;0.01;kde_batch;512;500;relative;203.190559
set1;3;uv;0.01;kde_optimal;512;1000;relative;93.350577
set1;3;uv;0.01;stholes;256;500;relative;2144.540307
set1;3;uv;0.01;kde_heuristic;512;0;relative;3802.060656
set1;3;uv;0.01;kde_adaptive;512;500;relative;204.556339
set1;3;uv;0.01;kde_batch;512;500;relative;113.498352
set1;3;uv;0.01;kde_optimal;512;1000;relative;142.512262
set1;3;uv;0.01;stholes;256;500;relative;2164.456490
set1;3;uv;0.01;kde_heuristic;512;0;relative;4372.190761
set1;3;uv;0.01;kde_adaptive;512;500;relative;1974.713073
set1;3;uv;0.01;kde_batch;512;500;relative;133.432463
set1;3;uv;0.01;kde_optimal;512;1000;relative;285.510291
set1;5;dt;0.01;stholes;256;500;relative;87.776886
set1;5;dt;0.01;kde_heuristic;512;0;relative;68.681894
set1;5;dt;0.01;kde_adaptive;512;500;relative;37.922849
set1;5;dt;0.01;kde_batch;512;500;relative;35.066234
set1;5;dt;0.01;kde_optimal;512;1000;relative;32.757406
set1;5;dt;0.01;stholes;256;500;relative;56.367473
set1;5;dt;0.01;kde_heuristic;512;0;relative;68.896887
set1;5;dt;0.01;kde_adaptive;512;500;relative;35.442641
set1;5;dt;0.01;kde_batch;512;500;relative;35.289019
set1;5;dt;0.01;kde_optimal;512;1000;relative;31.366570
set1;5;dt;0.01;stholes;256;500;relative;37.041408
set1;5;dt;0.01;kde_heuristic;512;0;relative;68.924630
set1;5;dt;0.01;kde_adaptive;512;500;relative;40.137280
set1;5;dt;0.01;kde_batch;512;500;relative;29.896294
set1;5;dt;0.01;kde_optimal;512;1000;relative;32.478456
set1;5;dt;0.01;stholes;256;500;relative;41.673640
set1;5;dt;0.01;kde_heuristic;512;0;relative;69.276753
set1;5;dt;0.01;kde_adaptive;512;500;relative;37.799437
set1;5;dt;0.01;kde_batch;512;500;relative;33.522497
set1;5;dt;0.01;kde_optimal;512;1000;relative;33.091430
set1;5;dt;0.01;stholes;256;500;relative;47.410598
set1;5;dt;0.01;kde_heuristic;512;0;relative;68.723354
set1;5;dt;0.01;kde_adaptive;512;500;relative;36.940011
set1;5;dt;0.01;kde_batch;512;500;relative;32.586948
set1;5;dt;0.01;kde_optimal;512;1000;relative;31.141723
set1;5;dv;0.01;stholes;256;500;relative;1045.243458
set1;5;dv;0.01;kde_heuristic;512;0;relative;105.156842
set1;5;dv;0.01;kde_adaptive;512;500;relative;93.995259
set1;5;dv;0.01;kde_batch;512;500;relative;93.250268
set1;5;dv;0.01;kde_optimal;512;1000;relative;93.604987
set1;5;dv;0.01;stholes;256;500;relative;1487.557818
set1;5;dv;0.01;kde_heuristic;512;0;relative;108.170861
set1;5;dv;0.01;kde_adaptive;512;500;relative;90.328859
set1;5;dv;0.01;kde_batch;512;500;relative;94.082862
set1;5;dv;0.01;kde_optimal;512;1000;relative;93.261197
set1;5;dv;0.01;stholes;256;500;relative;808.182605
set1;5;dv;0.01;kde_heuristic;512;0;relative;110.691673
set1;5;dv;0.01;kde_adaptive;512;500;relative;203.689914
set1;5;dv;0.01;kde_batch;512;500;relative;95.015745
set1;5;dv;0.01;kde_optimal;512;1000;relative;76.433506
set1;5;dv;0.01;stholes;256;500;relative;2245.708301
set1;5;dv;0.01;kde_heuristic;512;0;relative;109.266954
set1;5;dv;0.01;kde_adaptive;512;500;relative;99.999996
set1;5;dv;0.01;kde_batch;512;500;relative;95.257343
set1;5;dv;0.01;kde_optimal;512;1000;relative;94.006253
set1;5;dv;0.01;stholes;256;500;relative;1814.317097
set1;5;dv;0.01;kde_heuristic;512;0;relative;106.412699
set1;5;dv;0.01;kde_adaptive;512;500;relative;67.912054
set1;5;dv;0.01;kde_batch;512;500;relative;93.497678
set1;5;dv;0.01;kde_optimal;512;1000;relative;94.023664
set1;5;ut;0.01;stholes;256;500;relative;150.013904
set1;5;ut;0.01;kde_heuristic;512;0;relative;42.612957
set1;5;ut;0.01;kde_adaptive;512;500;relative;37.407333
set1;5;ut;0.01;kde_batch;512;500;relative;32.415496
set1;5;ut;0.01;kde_optimal;512;1000;relative;35.263894
set1;5;ut;0.01;stholes;256;500;relative;129.297044
set1;5;ut;0.01;kde_heuristic;512;0;relative;43.792597
set1;5;ut;0.01;kde_adaptive;512;500;relative;36.897889
set1;5;ut;0.01;kde_batch;512;500;relative;31.336502
set1;5;ut;0.01;kde_optimal;512;1000;relative;36.835252
set1;5;ut;0.01;kde_heuristic;512;0;relative;45.111350
set1;5;ut;0.01;kde_adaptive;512;500;relative;34.916658
set1;5;ut;0.01;kde_batch;512;500;relative;31.669845
set1;5;ut;0.01;kde_optimal;512;1000;relative;29.876019
set1;5;ut;0.01;stholes;256;500;relative;157.719338
set1;5;ut;0.01;kde_heuristic;512;0;relative;45.277025
set1;5;ut;0.01;kde_adaptive;512;500;relative;37.030466
set1;5;ut;0.01;kde_batch;512;500;relative;30.866473
set1;5;ut;0.01;kde_optimal;512;1000;relative;34.799707
set1;5;ut;0.01;stholes;256;500;relative;122.708563
set1;5;ut;0.01;kde_heuristic;512;0;relative;44.174286
set1;5;ut;0.01;kde_adaptive;512;500;relative;99.941339
set1;5;ut;0.01;kde_batch;512;500;relative;32.259946
set1;5;ut;0.01;kde_optimal;512;1000;relative;34.776797
set1;5;uv;0.01;stholes;256;500;relative;4235.231544
set1;5;uv;0.01;kde_heuristic;512;0;relative;744.095292
set1;5;uv;0.01;kde_adaptive;512;500;relative;776.236314
set1;5;uv;0.01;kde_batch;512;500;relative;91.178525
set1;5;uv;0.01;kde_optimal;512;1000;relative;135.445597
set1;5;uv;0.01;stholes;256;500;relative;2871.061474
set1;5;uv;0.01;kde_heuristic;512;0;relative;790.173538
set1;5;uv;0.01;kde_adaptive;512;500;relative;203.903337
set1;5;uv;0.01;kde_batch;512;500;relative;179.523167
set1;5;uv;0.01;kde_optimal;512;1000;relative;65.838787
set1;5;uv;0.01;stholes;256;500;relative;3034.681547
set1;5;uv;0.01;kde_heuristic;512;0;relative;771.798303
set1;5;uv;0.01;kde_adaptive;512;500;relative;68.616134
set1;5;uv;0.01;kde_batch;512;500;relative;120.757477
set1;5;uv;0.01;kde_optimal;512;1000;relative;208.110097
set1;5;uv;0.01;stholes;256;500;relative;2739.500462
set1;5;uv;0.01;kde_heuristic;512;0;relative;868.193096
set1;5;uv;0.01;kde_adaptive;512;500;relative;399.270543
set1;5;uv;0.01;kde_batch;512;500;relative;670.866744
set1;5;uv;0.01;kde_optimal;512;1000;relative;66.830729
set1;5;uv;0.01;stholes;256;500;relative;2831.464363
set1;5;uv;0.01;kde_heuristic;512;0;relative;863.516313
set1;5;uv;0.01;kde_adaptive;512;500;relative;886.070479
set1;5;uv;0.01;kde_batch;512;500;relative;227.331183
set1;5;uv;0.01;kde_optimal;512;1000;relative;67.019709
set1;8;dt;0.01;stholes;256;500;relative;100.433003
set1;8;dt;0.01;kde_heuristic;512;0;relative;74.538176
set1;8;dt;0.01;kde_adaptive;512;500;relative;32.934212
set1;8;dt;0.01;kde_batch;512;500;relative;31.277023
set1;8;dt;0.01;kde_optimal;512;1000;relative;39.799204
set1;8;dt;0.01;stholes;256;500;relative;373.556893
set1;8;dt;0.01;kde_heuristic;512;0;relative;73.130437
set1;8;dt;0.01;kde_adaptive;512;500;relative;37.200160
set1;8;dt;0.01;kde_batch;512;500;relative;32.338200
set1;8;dt;0.01;kde_optimal;512;1000;relative;32.982885
set1;8;dt;0.01;stholes;256;500;relative;87.925453
set1;8;dt;0.01;kde_heuristic;512;0;relative;75.101303
set1;8;dt;0.01;kde_adaptive;512;500;relative;39.567312
set1;8;dt;0.01;kde_batch;512;500;relative;34.929584
set1;8;dt;0.01;kde_optimal;512;1000;relative;31.780578
set1;8;dt;0.01;stholes;256;500;relative;110.905981
set1;8;dt;0.01;kde_heuristic;512;0;relative;73.228587
set1;8;dt;0.01;kde_adaptive;512;500;relative;35.719010
set1;8;dt;0.01;kde_batch;512;500;relative;31.866238
set1;8;dt;0.01;kde_optimal;512;1000;relative;34.399566
set1;8;dt;0.01;stholes;256;500;relative;92.172434
set1;8;dt;0.01;kde_heuristic;512;0;relative;74.412691
set1;8;dt;0.01;kde_adaptive;512;500;relative;34.850480
set1;8;dt;0.01;kde_batch;512;500;relative;38.610140
set1;8;dt;0.01;kde_optimal;512;1000;relative;32.757300
set1;8;dv;0.01;stholes;256;500;relative;4090.406408
set1;8;dv;0.01;kde_heuristic;512;0;relative;102.340339
set1;8;dv;0.01;kde_adaptive;512;500;relative;437.420622
set1;8;dv;0.01;kde_batch;512;500;relative;99.317259
set1;8;dv;0.01;kde_optimal;512;1000;relative;93.681866
set1;8;dv;0.01;stholes;256;500;relative;3735.696726
set1;8;dv;0.01;kde_heuristic;512;0;relative;102.310659
set1;8;dv;0.01;kde_adaptive;512;500;relative;94.145893
set1;8;dv;0.01;kde_batch;512;500;relative;98.589984
set1;8;dv;0.01;kde_optimal;512;1000;relative;96.078223
set1;8;dv;0.01;stholes;256;500;relative;3654.254635
set1;8;dv;0.01;kde_heuristic;512;0;relative;106.176343
set1;8;dv;0.01;kde_adaptive;512;500;relative;98.451535
set1;8;dv;0.01;kde_batch;512;500;relative;133.031574
set1;8;dv;0.01;kde_optimal;512;1000;relative;98.579657
set1;8;dv;0.01;stholes;256;500;relative;3181.082626
set1;8;dv;0.01;kde_heuristic;512;0;relative;109.805059
set1;8;dv;0.01;kde_adaptive;512;500;relative;274.977894
set1;8;dv;0.01;kde_batch;512;500;relative;96.899695
set1;8;dv;0.01;kde_optimal;512;1000;relative;96.713742
set1;8;dv;0.01;stholes;256;500;relative;4299.216059
set1;8;dv;0.01;kde_heuristic;512;0;relative;103.528351
set1;8;dv;0.01;kde_adaptive;512;500;relative;286.978286
set1;8;dv;0.01;kde_batch;512;500;relative;97.661640
set1;8;dv;0.01;kde_optimal;512;1000;relative;96.459112
set1;8;ut;0.01;stholes;256;500;relative;415.202741
set1;8;ut;0.01;kde_heuristic;512;0;relative;51.158657
set1;8;ut;0.01;kde_adaptive;512;500;relative;40.088690
set1;8;ut;0.01;kde_batch;512;500;relative;31.337968
set1;8;ut;0.01;kde_optimal;512;1000;relative;29.685378
set1;8;ut;0.01;kde_adaptive;512;500;relative;96.225317
set1;8;ut;0.01;kde_batch;512;500;relative;28.354131
set1;8;ut;0.01;kde_optimal;512;1000;relative;30.489279
set1;8;ut;0.01;stholes;256;500;relative;536.691468
set1;8;ut;0.01;kde_heuristic;512;0;relative;51.175560
set1;8;ut;0.01;kde_adaptive;512;500;relative;37.530709
set1;8;ut;0.01;kde_batch;512;500;relative;31.244182
set1;8;ut;0.01;kde_optimal;512;1000;relative;32.772726
set1;8;ut;0.01;stholes;256;500;relative;929.342575
set1;8;ut;0.01;kde_heuristic;512;0;relative;49.822077
set1;8;ut;0.01;kde_adaptive;512;500;relative;37.288635
set1;8;ut;0.01;kde_batch;512;500;relative;30.905792
set1;8;ut;0.01;kde_optimal;512;1000;relative;31.889456
set1;8;ut;0.01;stholes;256;500;relative;498.430452
set1;8;ut;0.01;kde_heuristic;512;0;relative;50.319490
set1;8;ut;0.01;kde_adaptive;512;500;relative;34.898244
set1;8;ut;0.01;kde_batch;512;500;relative;33.330608
set1;8;ut;0.01;kde_optimal;512;1000;relative;30.325624
set1;8;uv;0.01;stholes;256;500;relative;1730.087873
set1;8;uv;0.01;kde_heuristic;512;0;relative;301.250207
set1;8;uv;0.01;kde_adaptive;512;500;relative;36.156765
set1;8;uv;0.01;kde_batch;512;500;relative;34.534082
set1;8;uv;0.01;kde_optimal;512;1000;relative;34.041268
set1;8;uv;0.01;stholes;256;500;relative;1751.306090
set1;8;uv;0.01;kde_heuristic;512;0;relative;260.575127
set1;8;uv;0.01;kde_adaptive;512;500;relative;40.808740
set1;8;uv;0.01;kde_batch;512;500;relative;35.204414
set1;8;uv;0.01;kde_optimal;512;1000;relative;33.865319
set1;8;uv;0.01;stholes;256;500;relative;1915.821572
set1;8;uv;0.01;kde_heuristic;512;0;relative;261.666849
set1;8;uv;0.01;kde_adaptive;512;500;relative;87.373374
set1;8;uv;0.01;kde_batch;512;500;relative;33.830665
set1;8;uv;0.01;kde_optimal;512;1000;relative;34.611106
set1;8;uv;0.01;stholes;256;500;relative;3593.951296
set1;8;uv;0.01;kde_heuristic;512;0;relative;275.239905
set1;8;uv;0.01;kde_adaptive;512;500;relative;34.975157
set1;8;uv;0.01;kde_batch;512;500;relative;32.976119
set1;8;uv;0.01;kde_optimal;512;1000;relative;35.800000
set1;8;uv;0.01;stholes;256;500;relative;2728.337136
set1;8;uv;0.01;kde_heuristic;512;0;relative;277.697983
set1;8;uv;0.01;kde_adaptive;512;500;relative;33.751243
set1;8;uv;0.01;kde_batch;512;500;relative;32.986728
set1;8;uv;0.01;kde_optimal;512;1000;relative;31.183007
set2;2;dt;0.01;kde_adaptive;512;500;relative;35.828579
set2;2;dt;0.01;kde_batch;512;500;relative;18.803493
set2;2;dt;0.01;kde_optimal;512;1000;relative;18.306560
set2;2;dt;0.01;stholes;256;500;relative;5.488489
set2;2;dt;0.01;kde_heuristic;512;0;relative;20.875823
set2;2;dt;0.01;kde_adaptive;512;500;relative;37.581981
set2;2;dt;0.01;kde_batch;512;500;relative;17.465810
set2;2;dt;0.01;kde_optimal;512;1000;relative;16.345882
set2;2;dt;0.01;kde_heuristic;512;0;relative;21.971232
set2;2;dt;0.01;kde_adaptive;512;500;relative;22.146122
set2;2;dt;0.01;kde_batch;512;500;relative;18.716309
set2;2;dt;0.01;kde_optimal;512;1000;relative;18.890060
set2;2;dt;0.01;stholes;256;500;relative;5.515125
set2;2;dt;0.01;kde_heuristic;512;0;relative;19.613238
set2;2;dt;0.01;kde_adaptive;512;500;relative;21.709214
set2;2;dt;0.01;kde_batch;512;500;relative;16.914694
set2;2;dt;0.01;kde_optimal;512;1000;relative;19.252557
set2;2;dt;0.01;stholes;256;500;relative;4.547170
set2;2;dt;0.01;kde_heuristic;512;0;relative;21.284797
set2;2;dt;0.01;kde_adaptive;512;500;relative;38.759453
set2;2;dt;0.01;kde_batch;512;500;relative;17.833949
set2;2;dt;0.01;kde_optimal;512;1000;relative;17.938706
set2;2;dv;0.01;stholes;256;500;relative;361.371485
set2;2;dv;0.01;kde_heuristic;512;0;relative;23.764178
set2;2;dv;0.01;kde_adaptive;512;500;relative;86.662796
set2;2;dv;0.01;kde_batch;512;500;relative;22.076553
set2;2;dv;0.01;kde_optimal;512;1000;relative;31.803888
set2;2;dv;0.01;stholes;256;500;relative;557.877848
set2;2;dv;0.01;kde_heuristic;512;0;relative;25.104570
set2;2;dv;0.01;kde_adaptive;512;500;relative;94.554693
set2;2;dv;0.01;kde_batch;512;500;relative;21.037247
set2;2;dv;0.01;kde_optimal;512;1000;relative;30.495246
set2;2;dv;0.01;stholes;256;500;relative;382.303463
set2;2;dv;0.01;kde_heuristic;512;0;relative;26.299081
set2;2;dv;0.01;kde_adaptive;512;500;relative;86.603256
set2;2;dv;0.01;kde_batch;512;500;relative;20.590954
set2;2;dv;0.01;kde_optimal;512;1000;relative;23.340061
set2;2;dv;0.01;stholes;256;500;relative;382.285505
set2;2;dv;0.01;kde_heuristic;512;0;relative;25.830206
set2;2;dv;0.01;kde_adaptive;512;500;relative;131.132780
set2;2;dv;0.01;kde_batch;512;500;relative;20.624433
set2;2;dv;0.01;kde_optimal;512;1000;relative;18.367188
set2;2;dv;0.01;stholes;256;500;relative;269.394610
set2;2;dv;0.01;kde_heuristic;512;0;relative;23.617819
set2;2;dv;0.01;kde_adaptive;512;500;relative;37.481671
set2;2;dv;0.01;kde_batch;512;500;relative;23.395713
set2;2;dv;0.01;kde_optimal;512;1000;relative;25.142296
set2;2;ut;0.01;stholes;256;500;relative;5.970160
set2;2;ut;0.01;kde_heuristic;512;0;relative;29.049509
set2;2;ut;0.01;kde_adaptive;512;500;relative;36.662780
set2;2;ut;0.01;kde_batch;512;500;relative;30.329085
set2;2;ut;0.01;kde_optimal;512;1000;relative;30.763977
set2;2;ut;0.01;stholes;256;500;relative;nan
set2;2;ut;0.01;kde_heuristic;512;0;relative;23.788674
set2;2;ut;0.01;kde_adaptive;512;500;relative;34.274316
set2;2;ut;0.01;kde_batch;512;500;relative;27.735444
set2;2;ut;0.01;kde_optimal;512;1000;relative;28.563475
set2;2;ut;0.01;stholes;256;500;relative;5.631459
set2;2;ut;0.01;kde_heuristic;512;0;relative;26.698289
set2;2;ut;0.01;kde_adaptive;512;500;relative;92.759617
set2;2;ut;0.01;kde_batch;512;500;relative;27.268259
set2;2;ut;0.01;kde_optimal;512;1000;relative;26.510907
set2;2;ut;0.01;stholes;256;500;relative;6.216377
set2;2;ut;0.01;kde_heuristic;512;0;relative;30.729908
set2;2;ut;0.01;kde_adaptive;512;500;relative;36.683002
set2;2;ut;0.01;kde_batch;512;500;relative;26.955009
set2;2;ut;0.01;kde_optimal;512;1000;relative;24.510238
set2;2;ut;0.01;stholes;256;500;relative;6.663188
set2;2;ut;0.01;kde_heuristic;512;0;relative;26.586970
set2;2;ut;0.01;kde_adaptive;512;500;relative;34.621904
set2;2;ut;0.01;kde_batch;512;500;relative;28.495125
set2;2;ut;0.01;kde_optimal;512;1000;relative;30.036829
set2;2;uv;0.01;stholes;256;500;relative;922.470591
set2;2;uv;0.01;kde_heuristic;512;0;relative;1202.234813
set2;2;uv;0.01;kde_adaptive;512;500;relative;554.659008
set2;2;uv;0.01;kde_batch;512;500;relative;95.407043
set2;2;uv;0.01;kde_optimal;512;1000;relative;89.040809
set2;2;uv;0.01;stholes;256;500;relative;729.818925
set2;2;uv;0.01;kde_heuristic;512;0;relative;1721.682222
set2;2;uv;0.01;kde_adaptive;512;500;relative;226.316146
set2;2;uv;0.01;kde_batch;512;500;relative;71.428893
set2;2;uv;0.01;kde_optimal;512;1000;relative;288.716777
set2;2;uv;0.01;stholes;256;500;relative;1118.338056
set2;2;uv;0.01;kde_heuristic;512;0;relative;1497.481598
set2;2;uv;0.01;kde_adaptive;512;500;relative;125.518999
set2;2;uv;0.01;kde_batch;512;500;relative;99.991477
set2;2;uv;0.01;kde_optimal;512;1000;relative;89.344089
set2;2;uv;0.01;stholes;256;500;relative;423.709554
set2;2;uv;0.01;kde_heuristic;512;0;relative;1180.745132
set2;2;uv;0.01;kde_adaptive;512;500;relative;121.876258
set2;2;uv;0.01;kde_batch;512;500;relative;94.257616
set2;2;uv;0.01;kde_optimal;512;1000;relative;94.493202
set2;2;uv;0.01;stholes;256;500;relative;1227.899095
set2;2;uv;0.01;kde_heuristic;512;0;relative;1491.946069
set2;2;uv;0.01;kde_adaptive;512;500;relative;305.040474
set2;2;uv;0.01;kde_batch;512;500;relative;125.719285
set2;2;uv;0.01;kde_optimal;512;1000;relative;106.295431
set2;3;dt;0.01;stholes;256;500;relative;24.851557
set2;3;dt;0.01;kde_heuristic;512;0;relative;25.166080
set2;3;dt;0.01;kde_adaptive;512;500;relative;35.786442
set2;3;dt;0.01;kde_batch;512;500;relative;21.269708
set2;3;dt;0.01;kde_optimal;512;1000;relative;22.360719
set2;3;dt;0.01;stholes;256;500;relative;26.064716
set2;3;dt;0.01;kde_heuristic;512;0;relative;26.180637
set2;3;dt;0.01;kde_adaptive;512;500;relative;23.993093
set2;3;dt;0.01;kde_batch;512;500;relative;22.685154
set2;3;dt;0.01;kde_optimal;512;1000;relative;22.524110
set2;3;dt;0.01;stholes;256;500;relative;27.841933
set2;3;dt;0.01;kde_heuristic;512;0;relative;24.140093
set2;3;dt;0.01;kde_adaptive;512;500;relative;28.259648
set2;3;dt;0.01;kde_batch;512;500;relative;26.368570
set2;3;dt;0.01;kde_optimal;512;1000;relative;22.692254
set2;3;dt;0.01;stholes;256;500;relative;27.128682
set2;3;dt;0.01;kde_heuristic;512;0;relative;24.490777
set2;3;dt;0.01;kde_adaptive;512;500;relative;23.690526
set2;3;dt;0.01;kde_batch;512;500;relative;22.572276
set2;3;dt;0.01;kde_optimal;512;1000;relative;21.721884
set2;3;dt;0.01;stholes;256;500;relative;25.295626
set2;3;dt;0.01;kde_heuristic;512;0;relative;26.765078
set2;3;dt;0.01;kde_adaptive;512;500;relative;36.787532
set2;3;dt;0.01;kde_batch;512;500;relative;22.059483
set2;3;dt;0.01;kde_optimal;512;1000;relative;26.178269
set2;3;dv;0.01;stholes;256;500;relative;1533.812524
set2;3;dv;0.01;kde_heuristic;512;0;relative;32.737302
set2;3;dv;0.01;kde_adaptive;512;500;relative;163.547049
set2;3;dv;0.01;kde_batch;512;500;relative;31.644160
set2;3;dv;0.01;kde_optimal;512;1000;relative;32.255374
set2;3;dv;0.01;stholes;256;500;relative;1681.137220
set2;3;dv;0.01;kde_heuristic;512;0;relative;34.080410
set2;3;dv;0.01;kde_adaptive;512;500;relative;94.800076
set2;3;dv;0.01;kde_batch;512;500;relative;31.361029
set2;3;dv;0.01;kde_optimal;512;1000;relative;31.839237
set2;3;dv;0.01;stholes;256;500;relative;1239.898815
set2;3;dv;0.01;kde_heuristic;512;0;relative;33.145169
set2;3;dv;0.01;kde_adaptive;512;500;relative;95.872123
set2;3;dv;0.01;kde_batch;512;500;relative;31.748985
set2;3;dv;0.01;kde_optimal;512;1000;relative;30.480238
set2;3;dv;0.01;stholes;256;500;relative;1517.458941
set2;3;dv;0.01;kde_heuristic;512;0;relative;34.150998
set2;3;dv;0.01;kde_adaptive;512;500;relative;54.510479
set2;3;dv;0.01;kde_batch;512;500;relative;33.398454
set2;3;dv;0.01;kde_optimal;512;1000;relative;31.348912
set2;3;dv;0.01;stholes;256;500;relative;1592.549852
set2;3;dv;0.01;kde_heuristic;512;0;relative;33.686675
set2;3;dv;0.01;kde_adaptive;512;500;relative;132.954587
set2;3;dv;0.01;kde_batch;512;500;relative;34.064666
set2;3;dv;0.01;kde_optimal;512;1000;relative;33.602978
set2;3;ut;0.01;stholes;256;500;relative;27.289515
set2;3;ut;0.01;kde_heuristic;512;0;relative;27.473462
set2;3;ut;0.01;kde_adaptive;512;500;relative;31.783679
set2;3;ut;0.01;kde_batch;512;500;relative;25.271071
set2;3;ut;0.01;kde_optimal;512;1000;relative;29.152251
set2;3;ut;0.01;stholes;256;500;relative;27.095401
set2;3;ut;0.01;kde_heuristic;512;0;relative;27.811683
set2;3;ut;0.01;kde_adaptive;512;500;relative;36.352873
set2;3;ut;0.01;kde_batch;512;500;relative;25.342894
set2;3;ut;0.01;kde_optimal;512;1000;relative;24.431710
set2;3;ut;0.01;stholes;256;500;relative;27.260436
set2;3;ut;0.01;kde_heuristic;512;0;relative;27.214729
set2;3;ut;0.01;kde_adaptive;512;500;relative;41.602811
set2;3;ut;0.01;kde_batch;512;500;relative;25.451007
set2;3;ut;0.01;kde_optimal;512;1000;relative;28.646046
set2;3;ut;0.01;kde_adaptive;512;500;relative;35.385888
set2;3;ut;0.01;kde_batch;512;500;relative;27.896213
set2;3;ut;0.01;kde_optimal;512;1000;relative;24.901042
set2;3;ut;0.01;stholes;256;500;relative;25.487877
set2;3;ut;0.01;kde_heuristic;512;0;relative;29.289252
set2;3;ut;0.01;kde_adaptive;512;500;relative;28.929990
set2;3;ut;0.01;kde_batch;512;500;relative;27.276824
set2;3;ut;0.01;kde_optimal;512;1000;relative;23.833194
set2;3;uv;0.01;kde_heuristic;512;0;relative;1764.420651
set2;3;uv;0.01;kde_adaptive;512;500;relative;346.971402
set2;3;uv;0.01;kde_batch;512;500;relative;124.208425
set2;3;uv;0.01;kde_optimal;512;1000;relative;197.354248
set2;3;uv;0.01;stholes;256;500;relative;2115.915894
set2;3;uv;0.01;kde_heuristic;512;0;relative;1053.830437
set2;3;uv;0.01;kde_adaptive;512;500;relative;160.351223
set2;3;uv;0.01;kde_batch;512;500;relative;112.287305
set2;3;uv;0.01;kde_optimal;512;1000;relative;130.155797
set2;3;uv;0.01;stholes;256;500;relative;2073.167134
set2;3;uv;0.01;kde_heuristic;512;0;relative;1224.914259
set2;3;uv;0.01;kde_adaptive;512;500;relative;92.704517
set2;3;uv;0.01;kde_batch;512;500;relative;153.602207
set2;3;uv;0.01;kde_optimal;512;1000;relative;103.531578
set2;3;uv;0.01;stholes;256;500;relative;2026.337882
set2;3;uv;0.01;kde_heuristic;512;0;relative;1592.486505
set2;3;uv;0.01;kde_adaptive;512;500;relative;306.726434
set2;3;uv;0.01;kde_batch;512;500;relative;105.766642
set2;3;uv;0.01;kde_optimal;512;1000;relative;89.673928
set2;3;uv;0.01;stholes;256;500;relative;1758.441484
set2;3;uv;0.01;kde_heuristic;512;0;relative;1263.294246
set2;3;uv;0.01;kde_adaptive;512;500;relative;346.721819
set2;3;uv;0.01;kde_batch;512;500;relative;114.332811
set2;3;uv;0.01;kde_optimal;512;1000;relative;117.260702
set2;5;dt;0.01;stholes;256;500;relative;94.877478
set2;5;dt;0.01;kde_heuristic;512;0;relative;41.981599
set2;5;dt;0.01;kde_adaptive;512;500;relative;29.393637
set2;5;dt;0.01;kde_batch;512;500;relative;29.342876
set2;5;dt;0.01;kde_optimal;512;1000;relative;29.812888
set2;5;dt;0.01;stholes;256;500;relative;92.784906
set2;5;dt;0.01;kde_heuristic;512;0;relative;41.359002
set2;5;dt;0.01;kde_adaptive;512;500;relative;36.577125
set2;5;dt;0.01;kde_batch;512;500;relative;30.359479
set2;5;dt;0.01;kde_optimal;512;1000;relative;31.599966
set2;5;dt;0.01;stholes;256;500;relative;94.585609
set2;5;dt;0.01;kde_heuristic;512;0;relative;43.548504
set2;5;dt;0.01;kde_adaptive;512;500;relative;36.610040
set2;5;dt;0.01;kde_batch;512;500;relative;28.395518
set2;5;dt;0.01;kde_optimal;512;1000;relative;30.546396
set2;5;dt;0.01;stholes;256;500;relative;90.791109
set2;5;dt;0.01;kde_heuristic;512;0;relative;42.753855
set2;5;dt;0.01;kde_adaptive;512;500;relative;37.233272
set2;5;dt;0.01;kde_batch;512;500;relative;27.771690
set2;5;dt;0.01;kde_optimal;512;1000;relative;27.945555
set2;5;dt;0.01;stholes;256;500;relative;99.129968
set2;5;dt;0.01;kde_heuristic;512;0;relative;41.876862
set2;5;dt;0.01;kde_adaptive;512;500;relative;36.535193
set2;5;dt;0.01;kde_batch;512;500;relative;27.869965
set2;5;dt;0.01;kde_optimal;512;1000;relative;28.603198
set2;5;dv;0.01;stholes;256;500;relative;2859.989824
set2;5;dv;0.01;kde_heuristic;512;0;relative;78.224761
set2;5;dv;0.01;kde_adaptive;512;500;relative;100.397095
set2;5;dv;0.01;kde_batch;512;500;relative;73.864335
set2;5;dv;0.01;kde_optimal;512;1000;relative;78.184464
set2;5;dv;0.01;stholes;256;500;relative;3154.978892
set2;5;dv;0.01;kde_heuristic;512;0;relative;75.401379
set2;5;dv;0.01;kde_adaptive;512;500;relative;99.561774
set2;5;dv;0.01;kde_batch;512;500;relative;74.320128
set2;5;dv;0.01;kde_optimal;512;1000;relative;71.892379
set2;5;dv;0.01;stholes;256;500;relative;2822.640428
set2;5;dv;0.01;kde_heuristic;512;0;relative;77.400183
set2;5;dv;0.01;kde_adaptive;512;500;relative;82.864346
set2;5;dv;0.01;kde_batch;512;500;relative;68.171033
set2;5;dv;0.01;kde_optimal;512;1000;relative;69.747002
set2;5;dv;0.01;stholes;256;500;relative;2947.566600
set2;5;dv;0.01;kde_heuristic;512;0;relative;74.983306
set2;5;dv;0.01;kde_adaptive;512;500;relative;99.979889
set2;5;dv;0.01;kde_batch;512;500;relative;73.696555
set2;5;dv;0.01;kde_optimal;512;1000;relative;81.594770
set2;5;dv;0.01;stholes;256;500;relative;3300.069883
set2;5;dv;0.01;kde_heuristic;512;0;relative;76.046127
set2;5;dv;0.01;kde_adaptive;512;500;relative;99.964912
set2;5;dv;0.01;kde_batch;512;500;relative;81.168660
set2;5;dv;0.01;kde_optimal;512;1000;relative;74.746074
set2;5;ut;0.01;stholes;256;500;relative;113.198728
set2;5;ut;0.01;kde_heuristic;512;0;relative;35.692988
set2;5;ut;0.01;kde_adaptive;512;500;relative;31.255862
set2;5;ut;0.01;kde_batch;512;500;relative;29.573119
set2;5;ut;0.01;kde_optimal;512;1000;relative;31.215236
set2;5;ut;0.01;stholes;256;500;relative;119.148398
set2;5;ut;0.01;kde_heuristic;512;0;relative;34.582426
set2;5;ut;0.01;kde_adaptive;512;500;relative;35.960335
set2;5;ut;0.01;kde_batch;512;500;relative;30.874402
set2;5;ut;0.01;kde_optimal;512;1000;relative;31.260057
set2;5;ut;0.01;stholes;256;500;relative;108.228524
set2;5;ut;0.01;kde_heuristic;512;0;relative;34.850698
set2;5;ut;0.01;kde_adaptive;512;500;relative;36.705119
set2;5;ut;0.01;kde_batch;512;500;relative;33.542498
set2;5;ut;0.01;kde_optimal;512;1000;relative;29.332825
set2;5;ut;0.01;stholes;256;500;relative;121.643189
set2;5;ut;0.01;kde_heuristic;512;0;relative;36.858179
set2;5;ut;0.01;kde_adaptive;512;500;relative;34.891993
set2;5;ut;0.01;kde_batch;512;500;relative;30.389191
set2;5;ut;0.01;kde_optimal;512;1000;relative;30.508042
set2;5;ut;0.01;stholes;256;500;relative;118.900145
set2;5;ut;0.01;kde_heuristic;512;0;relative;37.118458
set2;5;ut;0.01;kde_adaptive;512;500;relative;36.351757
set2;5;ut;0.01;kde_batch;512;500;relative;30.708730
set2;5;ut;0.01;kde_optimal;512;1000;relative;30.679726
set2;5;uv;0.01;stholes;256;500;relative;2177.159636
set2;5;uv;0.01;kde_heuristic;512;0;relative;423.204947
set2;5;uv;0.01;kde_adaptive;512;500;relative;256.438084
set2;5;uv;0.01;kde_batch;512;500;relative;76.599877
set2;5;uv;0.01;kde_optimal;512;1000;relative;211.320727
set2;5;uv;0.01;stholes;256;500;relative;2665.321648
set2;5;uv;0.01;kde_heuristic;512;0;relative;469.545835
set2;5;uv;0.01;kde_adaptive;512;500;relative;87.017588
set2;5;uv;0.01;kde_batch;512;500;relative;251.779581
set2;5;uv;0.01;kde_optimal;512;1000;relative;76.600001
set2;5;uv;0.01;stholes;256;500;relative;2101.764564
set2;5;uv;0.01;kde_heuristic;512;0;relative;558.681807
set2;5;uv;0.01;kde_adaptive;512;500;relative;440.430708
set2;5;uv;0.01;kde_batch;512;500;relative;76.502483
set2;5;uv;0.01;kde_optimal;512;1000;relative;102.034549
set2;5;uv;0.01;stholes;256;500;relative;2084.173075
set2;5;uv;0.01;kde_heuristic;512;0;relative;454.918923
set2;5;uv;0.01;kde_adaptive;512;500;relative;135.349254
set2;5;uv;0.01;kde_batch;512;500;relative;341.838583
set2;5;uv;0.01;kde_optimal;512;1000;relative;210.464652
set2;5;uv;0.01;stholes;256;500;relative;1869.010115
set2;5;uv;0.01;kde_heuristic;512;0;relative;444.981191
set2;5;uv;0.01;kde_adaptive;512;500;relative;102.826043
set2;5;uv;0.01;kde_batch;512;500;relative;115.237077
set2;5;uv;0.01;kde_optimal;512;1000;relative;97.720027
set2;8;dt;0.01;kde_adaptive;512;500;relative;39.116344
set2;8;dt;0.01;kde_batch;512;500;relative;29.264938
set2;8;dt;0.01;kde_optimal;512;1000;relative;35.321996
set2;8;dt;0.01;stholes;256;500;relative;206.160930
set2;8;dt;0.01;kde_heuristic;512;0;relative;60.889990
set2;8;dt;0.01;kde_adaptive;512;500;relative;37.484109
set2;8;dt;0.01;kde_batch;512;500;relative;34.469890
set2;8;dt;0.01;kde_optimal;512;1000;relative;29.630352
set2;8;dt;0.01;stholes;256;500;relative;292.543705
set2;8;dt;0.01;kde_heuristic;512;0;relative;61.474965
set2;8;dt;0.01;kde_adaptive;512;500;relative;36.633585
set2;8;dt;0.01;kde_batch;512;500;relative;32.871954
set2;8;dt;0.01;kde_optimal;512;1000;relative;31.290139
set2;8;dt;0.01;stholes;256;500;relative;261.534580
set2;8;dt;0.01;kde_heuristic;512;0;relative;60.252177
set2;8;dt;0.01;kde_adaptive;512;500;relative;36.613189
set2;8;dt;0.01;kde_batch;512;500;relative;34.092852
set2;8;dt;0.01;kde_optimal;512;1000;relative;31.207823
set2;8;dt;0.01;stholes;256;500;relative;197.359790
set2;8;dt;0.01;kde_heuristic;512;0;relative;62.355432
set2;8;dt;0.01;kde_adaptive;512;500;relative;37.090063
set2;8;dt;0.01;kde_batch;512;500;relative;33.123975
set2;8;dt;0.01;kde_optimal;512;1000;relative;30.774952
set2;8;dv;0.01;stholes;256;500;relative;8440.096179
set2;8;dv;0.01;kde_heuristic;512;0;relative;100.710970
set2;8;dv;0.01;kde_adaptive;512;500;relative;100.446401
set2;8;dv;0.01;kde_batch;512;500;relative;86.300620
set2;8;dv;0.01;kde_optimal;512;1000;relative;94.880336
set2;8;dv;0.01;stholes;256;500;relative;7642.729625
set2;8;dv;0.01;kde_heuristic;512;0;relative;101.380232
set2;8;dv;0.01;kde_adaptive;512;500;relative;99.850701
set2;8;dv;0.01;kde_batch;512;500;relative;98.419507
set2;8;dv;0.01;kde_optimal;512;1000;relative;88.761902
set2;8;dv;0.01;stholes;256;500;relative;7629.838972
set2;8;dv;0.01;kde_heuristic;512;0;relative;100.642886
set2;8;dv;0.01;kde_adaptive;512;500;relative;156.102540
set2;8;dv;0.01;kde_batch;512;500;relative;102.392889
set2;8;dv;0.01;kde_optimal;512;1000;relative;96.979771
set2;8;dv;0.01;stholes;256;500;relative;8341.520222
set2;8;dv;0.01;kde_heuristic;512;0;relative;101.081063
set2;8;dv;0.01;kde_adaptive;512;500;relative;89.394691
set2;8;dv;0.01;kde_batch;512;500;relative;95.853540
set2;8;dv;0.01;kde_optimal;512;1000;relative;89.771086
set2;8;dv;0.01;stholes;256;500;relative;9649.088139
set2;8;dv;0.01;kde_heuristic;512;0;relative;100.553417
set2;8;dv;0.01;kde_adaptive;512;500;relative;131.837713
set2;8;dv;0.01;kde_batch;512;500;relative;91.048873
set2;8;dv;0.01;kde_optimal;512;1000;relative;85.350024
set2;8;ut;0.01;stholes;256;500;relative;371.526605
set2;8;ut;0.01;kde_heuristic;512;0;relative;49.300623
set2;8;ut;0.01;kde_adaptive;512;500;relative;38.358422
set2;8;ut;0.01;kde_batch;512;500;relative;29.657235
set2;8;ut;0.01;kde_optimal;512;1000;relative;28.311019
set2;8;ut;0.01;stholes;256;500;relative;382.495619
set2;8;ut;0.01;kde_heuristic;512;0;relative;47.191289
set2;8;ut;0.01;kde_adaptive;512;500;relative;33.802095
set2;8;ut;0.01;kde_batch;512;500;relative;30.547272
set2;8;ut;0.01;kde_optimal;512;1000;relative;31.511783
set2;8;ut;0.01;stholes;256;500;relative;362.540388
set2;8;ut;0.01;kde_heuristic;512;0;relative;47.047696
set2;8;ut;0.01;kde_adaptive;512;500;relative;37.596518
set2;8;ut;0.01;kde_batch;512;500;relative;29.686157
set2;8;ut;0.01;kde_optimal;512;1000;relative;31.140197
set2;8;ut;0.01;kde_adaptive;512;500;relative;36.902777
set2;8;ut;0.01;kde_batch;512;500;relative;31.532154
set2;8;ut;0.01;kde_optimal;512;1000;relative;32.563713
set2;8;ut;0.01;stholes;256;500;relative;366.451006
set2;8;ut;0.01;kde_heuristic;512;0;relative;47.876773
set2;8;ut;0.01;kde_adaptive;512;500;relative;36.778451
set2;8;ut;0.01;kde_batch;512;500;relative;32.119005
set2;8;ut;0.01;kde_optimal;512;1000;relative;29.835286
set2;8;uv;0.01;stholes;256;500;relative;1251.114297
set2;8;uv;0.01;kde_heuristic;512;0;relative;212.474448
set2;8;uv;0.01;kde_adaptive;512;500;relative;63.134107
set2;8;uv;0.01;kde_batch;512;500;relative;38.362804
set2;8;uv;0.01;kde_optimal;512;1000;relative;32.499496
set2;8;uv;0.01;stholes;256;500;relative;1361.474840
set2;8;uv;0.01;kde_heuristic;512;0;relative;204.420480
set2;8;uv;0.01;kde_adaptive;512;500;relative;40.337386
set2;8;uv;0.01;kde_batch;512;500;relative;35.535987
set2;8;uv;0.01;kde_optimal;512;1000;relative;36.600000
set2;8;uv;0.01;stholes;256;500;relative;1884.923502
set2;8;uv;0.01;kde_heuristic;512;0;relative;221.506632
set2;8;uv;0.01;kde_adaptive;512;500;relative;49.661795
set2;8;uv;0.01;kde_batch;512;500;relative;36.705002
set2;8;uv;0.01;kde_optimal;512;1000;relative;36.900000
set2;8;uv;0.01;stholes;256;500;relative;1792.084503
set2;8;uv;0.01;kde_heuristic;512;0;relative;243.552666
set2;8;uv;0.01;kde_adaptive;512;500;relative;42.381641
set2;8;uv;0.01;kde_batch;512;500;relative;36.177972
set2;8;uv;0.01;kde_optimal;512;1000;relative;33.319654
set2;8;uv;0.01;stholes;256;500;relative;1298.589505
set2;8;uv;0.01;kde_heuristic;512;0;relative;225.997221
set2;8;uv;0.01;kde_adaptive;512;500;relative;82.523613
set2;8;uv;0.01;kde_batch;512;500;relative;36.379150
set2;8;uv;0.01;kde_optimal;512;1000;relative;34.800000
power;2;dt;0.01;stholes;256;500;relative;7.433141
power;2;dt;0.01;kde_heuristic;512;0;relative;25.112529
power;2;dt;0.01;kde_adaptive;512;500;relative;23.825852
power;2;dt;0.01;kde_batch;512;500;relative;18.116708
power;2;dt;0.01;kde_optimal;512;1000;relative;22.224274
power;2;dt;0.01;stholes;256;500;relative;6.745861
power;2;dt;0.01;kde_heuristic;512;0;relative;23.685509
power;2;dt;0.01;kde_adaptive;512;500;relative;23.765822
power;2;dt;0.01;kde_batch;512;500;relative;18.612861
power;2;dt;0.01;kde_optimal;512;1000;relative;18.119313
power;2;dt;0.01;stholes;256;500;relative;7.718926
power;2;dt;0.01;kde_heuristic;512;0;relative;26.081833
power;2;dt;0.01;kde_adaptive;512;500;relative;24.966295
power;2;dt;0.01;kde_batch;512;500;relative;16.421602
power;2;dt;0.01;kde_optimal;512;1000;relative;20.571408
power;2;dt;0.01;stholes;256;500;relative;7.132117
power;2;dt;0.01;kde_heuristic;512;0;relative;25.070774
power;2;dt;0.01;kde_adaptive;512;500;relative;25.435633
power;2;dt;0.01;kde_batch;512;500;relative;16.273884
power;2;dt;0.01;kde_optimal;512;1000;relative;20.116277
power;2;dt;0.01;stholes;256;500;relative;7.579801
power;2;dt;0.01;kde_heuristic;512;0;relative;25.617663
power;2;dt;0.01;kde_adaptive;512;500;relative;23.542440
power;2;dt;0.01;kde_batch;512;500;relative;24.824157
power;2;dt;0.01;kde_optimal;512;1000;relative;17.135723
power;2;dv;0.01;stholes;256;500;relative;59295.314194
power;2;dv;0.01;kde_heuristic;512;0;relative;43.289276
power;2;dv;0.01;kde_adaptive;512;500;relative;44.069610
power;2;dv;0.01;kde_batch;512;500;relative;43.175022
power;2;dv;0.01;kde_optimal;512;1000;relative;41.159305
power;2;dv;0.01;stholes;256;500;relative;55057.486459
power;2;dv;0.01;kde_heuristic;512;0;relative;44.831168
power;2;dv;0.01;kde_adaptive;512;500;relative;50.354833
power;2;dv;0.01;kde_batch;512;500;relative;43.676391
power;2;dv;0.01;kde_optimal;512;1000;relative;42.829586
power;2;dv;0.01;stholes;256;500;relative;60175.699028
power;2;dv;0.01;kde_heuristic;512;0;relative;42.953130
power;2;dv;0.01;kde_adaptive;512;500;relative;44.877132
power;2;dv;0.01;kde_batch;512;500;relative;43.190469
power;2;dv;0.01;kde_optimal;512;1000;relative;42.815569
power;2;dv;0.01;stholes;256;500;relative;50917.190319
power;2;dv;0.01;kde_heuristic;512;0;relative;44.715283
power;2;dv;0.01;kde_adaptive;512;500;relative;44.878254
power;2;dv;0.01;kde_batch;512;500;relative;43.010363
power;2;dv;0.01;kde_optimal;512;1000;relative;43.425314
power;2;dv;0.01;stholes;256;500;relative;56006.121308
power;2;dv;0.01;kde_heuristic;512;0;relative;41.657427
power;2;dv;0.01;kde_adaptive;512;500;relative;42.670389
power;2;dv;0.01;kde_batch;512;500;relative;42.759393
power;2;dv;0.01;kde_optimal;512;1000;relative;42.689823
power;2;ut;0.01;kde_adaptive;512;500;relative;30.643071
power;2;ut;0.01;kde_batch;512;500;relative;26.173790
power;2;ut;0.01;kde_optimal;512;1000;relative;30.449564
power;2;ut;0.01;stholes;256;500;relative;12.152330
power;2;ut;0.01;kde_heuristic;512;0;relative;28.228041
power;2;ut;0.01;kde_adaptive;512;500;relative;26.980928
power;2;ut;0.01;kde_batch;512;500;relative;19.565467
power;2;ut;0.01;kde_optimal;512;1000;relative;32.439251
power;2;ut;0.01;kde_heuristic;512;0;relative;31.059638
power;2;ut;0.01;kde_adaptive;512;500;relative;34.440891
power;2;ut;0.01;kde_batch;512;500;relative;35.580414
power;2;ut;0.01;kde_optimal;512;1000;relative;25.905991
power;2;ut;0.01;kde_heuristic;512;0;relative;31.275914
power;2;ut;0.01;kde_adaptive;512;500;relative;31.964985
power;2;ut;0.01;kde_batch;512;500;relative;25.602973
power;2;ut;0.01;kde_optimal;512;1000;relative;23.428085
power;2;ut;0.01;kde_heuristic;512;0;relative;36.197003
power;2;ut;0.01;kde_adaptive;512;500;relative;28.100451
power;2;ut;0.01;kde_batch;512;500;relative;31.163367
power;2;ut;0.01;kde_optimal;512;1000;relative;19.007420
power;2;uv;0.01;stholes;256;500;relative;46994.863774
power;2;uv;0.01;kde_heuristic;512;0;relative;7417.152224
power;2;uv;0.01;kde_adaptive;512;500;relative;4629.260456
power;2;uv;0.01;kde_batch;512;500;relative;81.886769
power;2;uv;0.01;kde_optimal;512;1000;relative;81.739972
power;2;uv;0.01;stholes;256;500;relative;46314.406622
power;2;uv;0.01;kde_heuristic;512;0;relative;8204.150408
power;2;uv;0.01;kde_adaptive;512;500;relative;7724.844392
power;2;uv;0.01;kde_batch;512;500;relative;81.594809
power;2;uv;0.01;kde_optimal;512;1000;relative;82.920035
power;2;uv;0.01;stholes;256;500;relative;43386.448817
power;2;uv;0.01;kde_heuristic;512;0;relative;7448.045373
power;2;uv;0.01;kde_adaptive;512;500;relative;5725.249844
power;2;uv;0.01;kde_batch;512;500;relative;81.626207
power;2;uv;0.01;kde_optimal;512;1000;relative;82.207817
power;2;uv;0.01;stholes;256;500;relative;47229.693820
power;2;uv;0.01;kde_heuristic;512;0;relative;7547.457564
power;2;uv;0.01;kde_adaptive;512;500;relative;7526.022104
power;2;uv;0.01;kde_batch;512;500;relative;143.692116
power;2;uv;0.01;kde_optimal;512;1000;relative;81.907883
power;2;uv;0.01;stholes;256;500;relative;43697.229703
power;2;uv;0.01;kde_heuristic;512;0;relative;7929.929504
power;2;uv;0.01;kde_adaptive;512;500;relative;5808.102930
power;2;uv;0.01;kde_batch;512;500;relative;81.092910
power;2;uv;0.01;kde_optimal;512;1000;relative;81.465440
power;5;dt;0.01;stholes;256;500;relative;1297.590670
power;5;dt;0.01;kde_heuristic;512;0;relative;128.694235
power;5;dt;0.01;kde_adaptive;512;500;relative;161.691418
power;5;dt;0.01;kde_batch;512;500;relative;99.768964
power;5;dt;0.01;kde_optimal;512;1000;relative;97.351969
power;5;dt;0.01;stholes;256;500;relative;200.895260
power;5;dt;0.01;kde_heuristic;512;0;relative;127.852994
power;5;dt;0.01;kde_adaptive;512;500;relative;135.142311
power;5;dt;0.01;kde_batch;512;500;relative;99.999914
power;5;dt;0.01;kde_optimal;512;1000;relative;98.285761
power;5;dt;0.01;kde_heuristic;512;0;relative;116.497514
power;5;dt;0.01;kde_adaptive;512;500;relative;100.073406
power;5;dt;0.01;kde_batch;512;500;relative;62.432494
power;5;dt;0.01;kde_optimal;512;1000;relative;44.481804
power;5;dt;0.01;stholes;256;500;relative;495.660121
power;5;dt;0.01;kde_heuristic;512;0;relative;113.576268
power;5;dt;0.01;kde_adaptive;512;500;relative;113.808170
power;5;dt;0.01;kde_batch;512;500;relative;99.663764
power;5;dt;0.01;kde_optimal;512;1000;relative;99.844772
power;5;dt;0.01;stholes;256;500;relative;12977.338977
power;5;dt;0.01;kde_heuristic;512;0;relative;133.830042
power;5;dt;0.01;kde_adaptive;512;500;relative;159.446067
power;5;dt;0.01;kde_batch;512;500;relative;97.530502
power;5;dt;0.01;kde_optimal;512;1000;relative;62.962636
power;5;dv;0.01;stholes;256;500;relative;5877.642483
power;5;dv;0.01;kde_heuristic;512;0;relative;168.303398
power;5;dv;0.01;kde_adaptive;512;500;relative;177.236931
power;5;dv;0.01;kde_batch;512;500;relative;96.589697
power;5;dv;0.01;kde_optimal;512;1000;relative;95.219632
power;5;dv;0.01;stholes;256;500;relative;9007.394131
power;5;dv;0.01;kde_heuristic;512;0;relative;159.473518
power;5;dv;0.01;kde_adaptive;512;500;relative;134.684816
power;5;dv;0.01;kde_batch;512;500;relative;97.017385
power;5;dv;0.01;kde_optimal;512;1000;relative;96.682300
power;5;dv;0.01;stholes;256;500;relative;6930.052787
power;5;dv;0.01;kde_heuristic;512;0;relative;176.013827
power;5;dv;0.01;kde_adaptive;512;500;relative;148.805010
power;5;dv;0.01;kde_batch;512;500;relative;97.353084
power;5;dv;0.01;kde_optimal;512;1000;relative;96.247768
power;5;dv;0.01;stholes;256;500;relative;8721.223743
power;5;dv;0.01;kde_heuristic;512;0;relative;152.223509
power;5;dv;0.01;kde_adaptive;512;500;relative;148.297660
power;5;dv;0.01;kde_batch;512;500;relative;97.417084
power;5;dv;0.01;kde_optimal;512;1000;relative;96.348348
power;5;dv;0.01;stholes;256;500;relative;7781.442692
power;5;dv;0.01;kde_heuristic;512;0;relative;166.738575
power;5;dv;0.01;kde_adaptive;512;500;relative;104.775912
power;5;dv;0.01;kde_batch;512;500;relative;100.859052
power;5;dv;0.01;kde_optimal;512;1000;relative;105.069158
power;5;ut;0.01;kde_adaptive;512;500;relative;412.664862
power;5;ut;0.01;kde_batch;512;500;relative;87.073428
power;5;ut;0.01;kde_optimal;512;1000;relative;86.506133
power;5;ut;0.01;stholes;256;500;relative;nan
power;5;ut;0.01;kde_heuristic;512;0;relative;5643.944606
power;5;ut;0.01;kde_adaptive;512;500;relative;626.364006
power;5;ut;0.01;kde_batch;512;500;relative;89.973483
power;5;ut;0.01;kde_optimal;512;1000;relative;119.840486
power;5;ut;0.01;kde_adaptive;512;500;relative;3672.621384
power;5;ut;0.01;kde_batch;512;500;relative;88.164473
power;5;ut;0.01;kde_optimal;512;1000;relative;80.812215
power;5;ut;0.01;kde_adaptive;512;500;relative;1603.035057
power;5;ut;0.01;kde_batch;512;500;relative;147.867373
power;5;ut;0.01;kde_optimal;512;1000;relative;86.721017
power;5;ut;0.01;kde_adaptive;512;500;relative;5809.521136
power;5;ut;0.01;kde_batch;512;500;relative;85.603035
power;5;ut;0.01;kde_optimal;512;1000;relative;79.477015
power;5;uv;0.01;stholes;256;500;relative;1879.228680
power;5;uv;0.01;kde_heuristic;512;0;relative;290.601746
power;5;uv;0.01;kde_adaptive;512;500;relative;72.493962
power;5;uv;0.01;kde_batch;512;500;relative;10.661715
power;5;uv;0.01;kde_optimal;512;1000;relative;58.920358
power;5;uv;0.01;stholes;256;500;relative;3721.949776
power;5;uv;0.01;kde_heuristic;512;0;relative;218.538723
power;5;uv;0.01;kde_adaptive;512;500;relative;252.851121
power;5;uv;0.01;kde_batch;512;500;relative;8.177735
power;5;uv;0.01;kde_optimal;512;1000;relative;9.321083
power;5;uv;0.01;stholes;256;500;relative;1951.162716
power;5;uv;0.01;kde_heuristic;512;0;relative;279.386279
power;5;uv;0.01;kde_adaptive;512;500;relative;14.124661
power;5;uv;0.01;kde_batch;512;500;relative;8.912304
power;5;uv;0.01;kde_optimal;512;1000;relative;7.694608
power;5;uv;0.01;stholes;256;500;relative;1140.786046
power;5;uv;0.01;kde_heuristic;512;0;relative;387.213704
power;5;uv;0.01;kde_adaptive;512;500;relative;943.425768
power;5;uv;0.01;kde_batch;512;500;relative;54.483245
power;5;uv;0.01;kde_optimal;512;1000;relative;10.157765
power;5;uv;0.01;stholes;256;500;relative;2618.760676
power;5;uv;0.01;kde_heuristic;512;0;relative;274.836506
power;5;uv;0.01;kde_adaptive;512;500;relative;119.311384
power;5;uv;0.01;kde_batch;512;500;relative;9.263063
power;5;uv;0.01;kde_optimal;512;1000;relative;9.019101
power;8;dt;0.01;stholes;256;500;relative;165.618406
power;8;dt;0.01;kde_heuristic;512;0;relative;100.237142
power;8;dt;0.01;kde_adaptive;512;500;relative;100.646970
power;8;dt;0.01;kde_batch;512;500;relative;100.163382
power;8;dt;0.01;kde_optimal;512;1000;relative;98.292152
power;8;dt;0.01;stholes;256;500;relative;193.345277
power;8;dt;0.01;kde_heuristic;512;0;relative;100.337998
power;8;dt;0.01;kde_adaptive;512;500;relative;100.198187
power;8;dt;0.01;kde_batch;512;500;relative;99.629904
power;8;dt;0.01;kde_optimal;512;1000;relative;97.990279
power;8;dt;0.01;stholes;256;500;relative;769.354771
power;8;dt;0.01;kde_heuristic;512;0;relative;100.636800
power;8;dt;0.01;kde_adaptive;512;500;relative;100.363330
power;8;dt;0.01;kde_batch;512;500;relative;31.642342
power;8;dt;0.01;kde_optimal;512;1000;relative;99.512694
power;8;dt;0.01;stholes;256;500;relative;1457.231902
power;8;dt;0.01;kde_heuristic;512;0;relative;100.264380
power;8;dt;0.01;kde_adaptive;512;500;relative;100.610612
power;8;dt;0.01;kde_batch;512;500;relative;28.907272
power;8;dt;0.01;kde_optimal;512;1000;relative;98.477548
power;8;dt;0.01;stholes;256;500;relative;171.816643
power;8;dt;0.01;kde_heuristic;512;0;relative;100.098245
power;8;dt;0.01;kde_adaptive;512;500;relative;100.104772
power;8;dt;0.01;kde_batch;512;500;relative;99.944551
power;8;dt;0.01;kde_optimal;512;1000;relative;99.620750
power;8;dv;0.01;stholes;256;500;relative;2046.618327
power;8;dv;0.01;kde_heuristic;512;0;relative;73.922188
power;8;dv;0.01;kde_adaptive;512;500;relative;68.070557
power;8;dv;0.01;kde_batch;512;500;relative;63.557553
power;8;dv;0.01;kde_optimal;512;1000;relative;61.007718
power;8;dv;0.01;stholes;256;500;relative;1993.273874
power;8;dv;0.01;kde_heuristic;512;0;relative;72.812373
power;8;dv;0.01;kde_adaptive;512;500;relative;67.319463
power;8;dv;0.01;kde_batch;512;500;relative;62.245723
power;8;dv;0.01;kde_optimal;512;1000;relative;62.089950
power;8;dv;0.01;stholes;256;500;relative;1971.538067
power;8;dv;0.01;kde_heuristic;512;0;relative;73.430423
power;8;dv;0.01;kde_adaptive;512;500;relative;71.824081
power;8;dv;0.01;kde_batch;512;500;relative;62.884481
power;8;dv;0.01;kde_optimal;512;1000;relative;62.097809
power;8;dv;0.01;stholes;256;500;relative;2030.588977
power;8;dv;0.01;kde_heuristic;512;0;relative;76.144469
power;8;dv;0.01;kde_adaptive;512;500;relative;68.264832
power;8;dv;0.01;kde_batch;512;500;relative;64.092019
power;8;dv;0.01;kde_optimal;512;1000;relative;61.854246
power;8;dv;0.01;stholes;256;500;relative;1935.955535
power;8;dv;0.01;kde_heuristic;512;0;relative;75.074895
power;8;dv;0.01;kde_adaptive;512;500;relative;79.369210
power;8;dv;0.01;kde_batch;512;500;relative;62.640732
power;8;dv;0.01;kde_optimal;512;1000;relative;62.505914
power;8;ut;0.01;kde_adaptive;512;500;relative;69.319560
power;8;ut;0.01;kde_batch;512;500;relative;71.416083
power;8;ut;0.01;kde_optimal;512;1000;relative;67.381108
power;8;ut;0.01;stholes;256;500;relative;747.689002
power;8;ut;0.01;kde_heuristic;512;0;relative;99.897008
power;8;ut;0.01;kde_adaptive;512;500;relative;79.110825
power;8;ut;0.01;kde_batch;512;500;relative;62.042836
power;8;ut;0.01;kde_optimal;512;1000;relative;70.358738
power;8;ut;0.01;kde_adaptive;512;500;relative;32.990347
power;8;ut;0.01;kde_batch;512;500;relative;67.553146
power;8;ut;0.01;kde_optimal;512;1000;relative;63.480770
power;8;ut;0.01;stholes;256;500;relative;591.108321
power;8;ut;0.01;kde_heuristic;512;0;relative;97.628314
power;8;ut;0.01;kde_adaptive;512;500;relative;42.046545
power;8;ut;0.01;kde_batch;512;500;relative;66.260789
power;8;ut;0.01;kde_optimal;512;1000;relative;66.367201
power;8;ut;0.01;stholes;256;500;relative;1968.428545
power;8;ut;0.01;kde_heuristic;512;0;relative;104.853281
power;8;ut;0.01;kde_adaptive;512;500;relative;86.902053
power;8;ut;0.01;kde_batch;512;500;relative;53.568504
power;8;ut;0.01;kde_optimal;512;1000;relative;68.067287
power;8;uv;0.01;stholes;256;500;relative;12.300000
power;8;uv;0.01;kde_heuristic;512;0;relative;5.266611
power;8;uv;0.01;kde_adaptive;512;500;relative;16.792598
power;8;uv;0.01;kde_batch;512;500;relative;3.248152
power;8;uv;0.01;kde_optimal;512;1000;relative;1.197935
power;8;uv;0.01;stholes;256;500;relative;6.600000
power;8;uv;0.01;kde_heuristic;512;0;relative;8.812873
power;8;uv;0.01;kde_adaptive;512;500;relative;5.754465
power;8;uv;0.01;kde_batch;512;500;relative;3.021080
power;8;uv;0.01;kde_optimal;512;1000;relative;2.298165
power;8;uv;0.01;stholes;256;500;relative;8.700000
power;8;uv;0.01;kde_heuristic;512;0;relative;7.051613
power;8;uv;0.01;kde_adaptive;512;500;relative;10.592547
power;8;uv;0.01;kde_batch;512;500;relative;2.915663
power;8;uv;0.01;kde_optimal;512;1000;relative;2.874799
power;8;uv;0.01;stholes;256;500;relative;15.500000
power;8;uv;0.01;kde_heuristic;512;0;relative;4.476280
power;8;uv;0.01;kde_adaptive;512;500;relative;6.109307
power;8;uv;0.01;kde_batch;512;500;relative;2.558546
power;8;uv;0.01;kde_optimal;512;1000;relative;1.254487
power;8;uv;0.01;stholes;256;500;relative;14.600000
power;8;uv;0.01;kde_heuristic;512;0;relative;5.493795
power;8;uv;0.01;kde_adaptive;512;500;relative;5.737522
power;8;uv;0.01;kde_batch;512;500;relative;2.513131
power;8;uv;0.01;kde_optimal;512;1000;relative;3.009834
protein;2;dt;0.01;stholes;256;500;relative;8.699076
protein;2;dt;0.01;kde_heuristic;512;0;relative;50.731213
protein;2;dt;0.01;kde_adaptive;512;500;relative;41.244241
protein;2;dt;0.01;kde_batch;512;500;relative;21.950716
protein;2;dt;0.01;kde_optimal;512;1000;relative;24.453912
protein;2;dt;0.01;stholes;256;500;relative;9.818479
protein;2;dt;0.01;kde_heuristic;512;0;relative;51.593337
protein;2;dt;0.01;kde_adaptive;512;500;relative;41.159205
protein;2;dt;0.01;kde_batch;512;500;relative;36.070936
protein;2;dt;0.01;kde_optimal;512;1000;relative;28.279553
protein;2;dt;0.01;stholes;256;500;relative;8.072481
protein;2;dt;0.01;kde_heuristic;512;0;relative;51.476715
protein;2;dt;0.01;kde_adaptive;512;500;relative;41.580658
protein;2;dt;0.01;kde_batch;512;500;relative;23.657294
protein;2;dt;0.01;kde_optimal;512;1000;relative;26.399949
protein;2;dt;0.01;stholes;256;500;relative;8.755143
protein;2;dt;0.01;kde_heuristic;512;0;relative;50.565479
protein;2;dt;0.01;kde_adaptive;512;500;relative;40.784775
protein;2;dt;0.01;kde_batch;512;500;relative;24.461155
protein;2;dt;0.01;kde_optimal;512;1000;relative;26.820589
protein;2;dt;0.01;stholes;256;500;relative;8.518048
protein;2;dt;0.01;kde_heuristic;512;0;relative;49.986933
protein;2;dt;0.01;kde_adaptive;512;500;relative;42.286868
protein;2;dt;0.01;kde_batch;512;500;relative;21.864020
protein;2;dt;0.01;kde_optimal;512;1000;relative;26.225961
protein;2;dv;0.01;stholes;256;500;relative;89.632828
protein;2;dv;0.01;kde_heuristic;512;0;relative;23.466875
protein;2;dv;0.01;kde_adaptive;512;500;relative;37.636297
protein;2;dv;0.01;kde_batch;512;500;relative;74.257847
protein;2;dv;0.01;kde_optimal;512;1000;relative;130.808695
protein;2;dv;0.01;kde_adaptive;512;500;relative;32.016104
protein;2;dv;0.01;kde_batch;512;500;relative;31.113346
protein;2;dv;0.01;kde_optimal;512;1000;relative;31.667138
protein;2;dv;0.01;stholes;256;500;relative;63.638256
protein;2;dv;0.01;kde_heuristic;512;0;relative;26.936782
protein;2;dv;0.01;kde_adaptive;512;500;relative;30.938380
protein;2;dv;0.01;kde_batch;512;500;relative;29.260379
protein;2;dv;0.01;kde_optimal;512;1000;relative;51.984377
protein;2;dv;0.01;kde_adaptive;512;500;relative;42.535270
protein;2;dv;0.01;kde_batch;512;500;relative;14.260952
protein;2;dv;0.01;kde_optimal;512;1000;relative;19.592926
protein;2;dv;0.01;stholes;256;500;relative;40.493565
protein;2;dv;0.01;kde_heuristic;512;0;relative;21.480517
protein;2;dv;0.01;kde_adaptive;512;500;relative;34.689898
protein;2;dv;0.01;kde_batch;512;500;relative;20.262545
protein;2;dv;0.01;kde_optimal;512;1000;relative;17.458377
protein;2;ut;0.01;kde_adaptive;512;500;relative;68.707267
protein;2;ut;0.01;kde_batch;512;500;relative;38.011035
protein;2;ut;0.01;kde_optimal;512;1000;relative;41.125604
protein;2;ut;0.01;kde_adaptive;512;500;relative;75.228668
protein;2;ut;0.01;kde_batch;512;500;relative;31.326354
protein;2;ut;0.01;kde_optimal;512;1000;relative;46.141149
protein;2;ut;0.01;stholes;256;500;relative;nan
protein;2;ut;0.01;kde_heuristic;512;0;relative;176.104181
protein;2;ut;0.01;kde_adaptive;512;500;relative;67.148472
protein;2;ut;0.01;kde_batch;512;500;relative;32.729619
protein;2;ut;0.01;kde_optimal;512;1000;relative;46.091279
protein;2;ut;0.01;kde_adaptive;512;500;relative;69.276522
protein;2;ut;0.01;kde_batch;512;500;relative;40.313273
protein;2;ut;0.01;kde_optimal;512;1000;relative;32.912838
protein;2;ut;0.01;kde_adaptive;512;500;relative;77.613925
protein;2;ut;0.01;kde_batch;512;500;relative;37.559632
protein;2;ut;0.01;kde_optimal;512;1000;relative;31.783284
protein;2;uv;0.01;stholes;256;500;relative;142.325355
protein;2;uv;0.01;kde_heuristic;512;0;relative;864.563178
protein;2;uv;0.01;kde_adaptive;512;500;relative;687.283443
protein;2;uv;0.01;kde_batch;512;500;relative;369.320568
protein;2;uv;0.01;kde_optimal;512;1000;relative;405.058601
protein;2;uv;0.01;stholes;256;500;relative;163.704003
protein;2;uv;0.01;kde_heuristic;512;0;relative;1096.375386
protein;2;uv;0.01;kde_adaptive;512;500;relative;974.655169
protein;2;uv;0.01;kde_batch;512;500;relative;570.775255
protein;2;uv;0.01;kde_optimal;512;1000;relative;886.613146
protein;2;uv;0.01;stholes;256;500;relative;432.046376
protein;2;uv;0.01;kde_heuristic;512;0;relative;894.425342
protein;2;uv;0.01;kde_adaptive;512;500;relative;790.075051
protein;2;uv;0.01;kde_batch;512;500;relative;819.998605
protein;2;uv;0.01;kde_optimal;512;1000;relative;531.446801
protein;2;uv;0.01;stholes;256;500;relative;311.465268
protein;2;uv;0.01;kde_heuristic;512;0;relative;781.645018
protein;2;uv;0.01;kde_adaptive;512;500;relative;769.209841
protein;2;uv;0.01;kde_batch;512;500;relative;563.027370
protein;2;uv;0.01;kde_optimal;512;1000;relative;736.373699
protein;2;uv;0.01;stholes;256;500;relative;142.312905
protein;2;uv;0.01;kde_heuristic;512;0;relative;976.247974
protein;2;uv;0.01;kde_adaptive;512;500;relative;649.275547
protein;2;uv;0.01;kde_batch;512;500;relative;716.260432
protein;2;uv;0.01;kde_optimal;512;1000;relative;418.247899
protein;5;dt;0.01;stholes;256;500;relative;114.666294
protein;5;dt;0.01;kde_heuristic;512;0;relative;58.592039
protein;5;dt;0.01;kde_adaptive;512;500;relative;48.130108
protein;5;dt;0.01;kde_batch;512;500;relative;35.978290
protein;5;dt;0.01;kde_optimal;512;1000;relative;36.336566
protein;5;dt;0.01;stholes;256;500;relative;141.356139
protein;5;dt;0.01;kde_heuristic;512;0;relative;58.968533
protein;5;dt;0.01;kde_adaptive;512;500;relative;37.605421
protein;5;dt;0.01;kde_batch;512;500;relative;34.855161
protein;5;dt;0.01;kde_optimal;512;1000;relative;35.973346
protein;5;dt;0.01;stholes;256;500;relative;151.138646
protein;5;dt;0.01;kde_heuristic;512;0;relative;70.071046
protein;5;dt;0.01;kde_adaptive;512;500;relative;40.856754
protein;5;dt;0.01;kde_batch;512;500;relative;33.715311
protein;5;dt;0.01;kde_optimal;512;1000;relative;32.694966
protein;5;dt;0.01;stholes;256;500;relative;120.553496
protein;5;dt;0.01;kde_heuristic;512;0;relative;59.040713
protein;5;dt;0.01;kde_adaptive;512;500;relative;39.973152
protein;5;dt;0.01;kde_batch;512;500;relative;32.262130
protein;5;dt;0.01;kde_optimal;512;1000;relative;32.115822
protein;5;dt;0.01;kde_adaptive;512;500;relative;38.957136
protein;5;dt;0.01;kde_batch;512;500;relative;29.097951
protein;5;dt;0.01;kde_optimal;512;1000;relative;34.582037
protein;5;dv;0.01;stholes;256;500;relative;701.284084
protein;5;dv;0.01;kde_heuristic;512;0;relative;66.213938
protein;5;dv;0.01;kde_adaptive;512;500;relative;65.858827
protein;5;dv;0.01;kde_batch;512;500;relative;69.332582
protein;5;dv;0.01;kde_optimal;512;1000;relative;56.788030
protein;5;dv;0.01;stholes;256;500;relative;704.445345
protein;5;dv;0.01;kde_heuristic;512;0;relative;67.389664
protein;5;dv;0.01;kde_adaptive;512;500;relative;63.639901
protein;5;dv;0.01;kde_batch;512;500;relative;62.166974
protein;5;dv;0.01;kde_optimal;512;1000;relative;60.969254
protein;5;dv;0.01;stholes;256;500;relative;718.466396
protein;5;dv;0.01;kde_heuristic;512;0;relative;64.858960
protein;5;dv;0.01;kde_adaptive;512;500;relative;66.600758
protein;5;dv;0.01;kde_batch;512;500;relative;61.263279
protein;5;dv;0.01;kde_optimal;512;1000;relative;56.897802
protein;5;dv;0.01;stholes;256;500;relative;685.150247
protein;5;dv;0.01;kde_heuristic;512;0;relative;68.244853
protein;5;dv;0.01;kde_adaptive;512;500;relative;62.861489
protein;5;dv;0.01;kde_batch;512;500;relative;58.497180
protein;5;dv;0.01;kde_optimal;512;1000;relative;61.123707
protein;5;dv;0.01;stholes;256;500;relative;712.801994
protein;5;dv;0.01;kde_heuristic;512;0;relative;66.793713
protein;5;dv;0.01;kde_adaptive;512;500;relative;63.249465
protein;5;dv;0.01;kde_batch;512;500;relative;56.720412
protein;5;dv;0.01;kde_optimal;512;1000;relative;59.329727
protein;5;ut;0.01;stholes;256;500;relative;90.851482
protein;5;ut;0.01;kde_heuristic;512;0;relative;56.932910
protein;5;ut;0.01;kde_adaptive;512;500;relative;40.466534
protein;5;ut;0.01;kde_batch;512;500;relative;51.102165
protein;5;ut;0.01;kde_optimal;512;1000;relative;35.513686
protein;5;ut;0.01;kde_adaptive;512;500;relative;42.638151
protein;5;ut;0.01;kde_batch;512;500;relative;31.286583
protein;5;ut;0.01;kde_optimal;512;1000;relative;34.564541
protein;5;ut;0.01;stholes;256;500;relative;106.919913
protein;5;ut;0.01;kde_heuristic;512;0;relative;50.862803
protein;5;ut;0.01;kde_adaptive;512;500;relative;45.186999
protein;5;ut;0.01;kde_batch;512;500;relative;34.361729
protein;5;ut;0.01;kde_optimal;512;1000;relative;28.900201
protein;5;ut;0.01;stholes;256;500;relative;128.614987
protein;5;ut;0.01;kde_heuristic;512;0;relative;45.725942
protein;5;ut;0.01;kde_adaptive;512;500;relative;44.462377
protein;5;ut;0.01;kde_batch;512;500;relative;34.505055
protein;5;ut;0.01;kde_optimal;512;1000;relative;31.944759
protein;5;ut;0.01;stholes;256;500;relative;nan
protein;5;ut;0.01;kde_heuristic;512;0;relative;50.445304
protein;5;ut;0.01;kde_adaptive;512;500;relative;45.147566
protein;5;ut;0.01;kde_batch;512;500;relative;30.849087
protein;5;ut;0.01;kde_optimal;512;1000;relative;33.944643
protein;5;uv;0.01;stholes;256;500;relative;0.900006
protein;5;uv;0.01;kde_heuristic;512;0;relative;1.247388
protein;5;uv;0.01;kde_adaptive;512;500;relative;2.196435
protein;5;uv;0.01;kde_batch;512;500;relative;0.430145
protein;5;uv;0.01;kde_optimal;512;1000;relative;0.148771
protein;5;uv;0.01;stholes;256;500;relative;1.800002
protein;5;uv;0.01;kde_heuristic;512;0;relative;0.829066
protein;5;uv;0.01;kde_adaptive;512;500;relative;0.760755
protein;5;uv;0.01;kde_batch;512;500;relative;0.301415
protein;5;uv;0.01;kde_optimal;512;1000;relative;0.318371
protein;5;uv;0.01;stholes;256;500;relative;1.100001
protein;5;uv;0.01;kde_heuristic;512;0;relative;1.297011
protein;5;uv;0.01;kde_adaptive;512;500;relative;2.132074
protein;5;uv;0.01;kde_batch;512;500;relative;0.651896
protein;5;uv;0.01;kde_optimal;512;1000;relative;0.277679
protein;5;uv;0.01;stholes;256;500;relative;2.000004
protein;5;uv;0.01;kde_heuristic;512;0;relative;2.165229
protein;5;uv;0.01;kde_adaptive;512;500;relative;0.949600
protein;5;uv;0.01;kde_batch;512;500;relative;0.658620
protein;5;uv;0.01;kde_optimal;512;1000;relative;0.005798
protein;5;uv;0.01;stholes;256;500;relative;0.300009
protein;5;uv;0.01;kde_heuristic;512;0;relative;1.184960
protein;5;uv;0.01;kde_adaptive;512;500;relative;0.753067
protein;5;uv;0.01;kde_batch;512;500;relative;0.121307
protein;5;uv;0.01;kde_optimal;512;1000;relative;0.301993
protein;8;dt;0.01;stholes;256;500;relative;324.489436
protein;8;dt;0.01;kde_heuristic;512;0;relative;87.283115
protein;8;dt;0.01;kde_adaptive;512;500;relative;63.662373
protein;8;dt;0.01;kde_batch;512;500;relative;35.973220
protein;8;dt;0.01;kde_optimal;512;1000;relative;35.127993
protein;8;dt;0.01;stholes;256;500;relative;386.664603
protein;8;dt;0.01;kde_heuristic;512;0;relative;88.447160
protein;8;dt;0.01;kde_adaptive;512;500;relative;62.466560
protein;8;dt;0.01;kde_batch;512;500;relative;35.962970
protein;8;dt;0.01;kde_optimal;512;1000;relative;35.296137
protein;8;dt;0.01;stholes;256;500;relative;327.285279
protein;8;dt;0.01;kde_heuristic;512;0;relative;86.463045
protein;8;dt;0.01;kde_adaptive;512;500;relative;66.051563
protein;8;dt;0.01;kde_batch;512;500;relative;34.655804
protein;8;dt;0.01;kde_optimal;512;1000;relative;34.682077
protein;8;dt;0.01;stholes;256;500;relative;347.282053
protein;8;dt;0.01;kde_heuristic;512;0;relative;87.835519
protein;8;dt;0.01;kde_adaptive;512;500;relative;63.168612
protein;8;dt;0.01;kde_batch;512;500;relative;34.317870
protein;8;dt;0.01;kde_optimal;512;1000;relative;34.750497
protein;8;dt;0.01;stholes;256;500;relative;334.611975
protein;8;dt;0.01;kde_heuristic;512;0;relative;86.683530
protein;8;dt;0.01;kde_adaptive;512;500;relative;62.670984
protein;8;dt;0.01;kde_batch;512;500;relative;37.951862
protein;8;dt;0.01;kde_optimal;512;1000;relative;34.327527
protein;8;dv;0.01;stholes;256;500;relative;280.936975
protein;8;dv;0.01;kde_heuristic;512;0;relative;97.649503
protein;8;dv;0.01;kde_adaptive;512;500;relative;96.642045
protein;8;dv;0.01;kde_batch;512;500;relative;91.831049
protein;8;dv;0.01;kde_optimal;512;1000;relative;91.963758
protein;8;dv;0.01;stholes;256;500;relative;284.859337
protein;8;dv;0.01;kde_heuristic;512;0;relative;97.421153
protein;8;dv;0.01;kde_adaptive;512;500;relative;96.937868
protein;8;dv;0.01;kde_batch;512;500;relative;90.724431
protein;8;dv;0.01;kde_optimal;512;1000;relative;92.405937
protein;8;dv;0.01;stholes;256;500;relative;312.661586
protein;8;dv;0.01;kde_heuristic;512;0;relative;97.072105
protein;8;dv;0.01;kde_adaptive;512;500;relative;96.607888
protein;8;dv;0.01;kde_batch;512;500;relative;92.417016
protein;8;dv;0.01;kde_optimal;512;1000;relative;91.842021
protein;8;dv;0.01;stholes;256;500;relative;300.734810
protein;8;dv;0.01;kde_heuristic;512;0;relative;97.396278
protein;8;dv;0.01;kde_adaptive;512;500;relative;97.013283
protein;8;dv;0.01;kde_batch;512;500;relative;92.460858
protein;8;dv;0.01;kde_optimal;512;1000;relative;92.489325
protein;8;dv;0.01;stholes;256;500;relative;317.496226
protein;8;dv;0.01;kde_heuristic;512;0;relative;97.082485
protein;8;dv;0.01;kde_adaptive;512;500;relative;96.499154
protein;8;dv;0.01;kde_batch;512;500;relative;93.019820
protein;8;dv;0.01;kde_optimal;512;1000;relative;91.518626
protein;8;ut;0.01;stholes;256;500;relative;368.605597
protein;8;ut;0.01;kde_heuristic;512;0;relative;70.736145
protein;8;ut;0.01;kde_adaptive;512;500;relative;50.567073
protein;8;ut;0.01;kde_batch;512;500;relative;46.768977
protein;8;ut;0.01;kde_optimal;512;1000;relative;47.577155
protein;8;ut;0.01;stholes;256;500;relative;519.565215
protein;8;ut;0.01;kde_heuristic;512;0;relative;74.256460
protein;8;ut;0.01;kde_adaptive;512;500;relative;54.096384
protein;8;ut;0.01;kde_batch;512;500;relative;50.304120
protein;8;ut;0.01;kde_optimal;512;1000;relative;49.315073
protein;8;ut;0.01;stholes;256;500;relative;476.413810
protein;8;ut;0.01;kde_heuristic;512;0;relative;72.466207
protein;8;ut;0.01;kde_adaptive;512;500;relative;55.568609
protein;8;ut;0.01;kde_batch;512;500;relative;50.905728
protein;8;ut;0.01;kde_optimal;512;1000;relative;32.795402
protein;8;ut;0.01;stholes;256;500;relative;546.659016
protein;8;ut;0.01;kde_heuristic;512;0;relative;73.667956
protein;8;ut;0.01;kde_adaptive;512;500;relative;56.938785
protein;8;ut;0.01;kde_batch;512;500;relative;33.956903
protein;8;ut;0.01;kde_optimal;512;1000;relative;49.234483
protein;8;ut;0.01;kde_adaptive;512;500;relative;58.061482
protein;8;ut;0.01;kde_batch;512;500;relative;31.096563
protein;8;ut;0.01;kde_optimal;512;1000;relative;40.663107
protein;8;uv;0.01;stholes;256;500;relative;0.200000
protein;8;uv;0.01;kde_heuristic;512;0;relative;0.249068
protein;8;uv;0.01;kde_adaptive;512;500;relative;0.208592
protein;8;uv;0.01;kde_batch;512;500;relative;0.058782
protein;8;uv;0.01;kde_optimal;512;1000;relative;0.013119
protein;8;uv;0.01;stholes;256;500;relative;0.200000
protein;8;uv;0.01;kde_heuristic;512;0;relative;0.057119
protein;8;uv;0.01;kde_adaptive;512;500;relative;0.077329
protein;8;uv;0.01;kde_batch;512;500;relative;0.016640
protein;8;uv;0.01;kde_optimal;512;1000;relative;0.009247
protein;8;uv;0.01;stholes;256;500;relative;0.200000
protein;8;uv;0.01;kde_heuristic;512;0;relative;0.100779
protein;8;uv;0.01;kde_adaptive;512;500;relative;0.182069
protein;8;uv;0.01;kde_batch;512;500;relative;0.146336
protein;8;uv;0.01;kde_optimal;512;1000;relative;0.123422
protein;8;uv;0.01;stholes;256;500;relative;0.000000
protein;8;uv;0.01;kde_heuristic;512;0;relative;0.073659
protein;8;uv;0.01;kde_adaptive;512;500;relative;0.089410
protein;8;uv;0.01;kde_batch;512;500;relative;0.006109
protein;8;uv;0.01;kde_optimal;512;1000;relative;0.006259
protein;8;uv;0.01;stholes;256;500;relative;0.200000
protein;8;uv;0.01;kde_heuristic;512;0;relative;0.276339
protein;8;uv;0.01;kde_adaptive;512;500;relative;0.074852
protein;8;uv;0.01;kde_batch;512;500;relative;0.011300
protein;8;uv;0.01;kde_optimal;512;1000;relative;0.013812
tpch;5;dt;0.01;stholes;256;500;relative;780.779375
tpch;5;dt;0.01;kde_heuristic;512;0;relative;61.839126
tpch;5;dt;0.01;kde_adaptive;512;500;relative;58.031183
tpch;5;dt;0.01;kde_batch;512;500;relative;29.712740
tpch;5;dt;0.01;kde_optimal;512;1000;relative;39.605263
tpch;5;dt;0.01;stholes;256;500;relative;723.452094
tpch;5;dt;0.01;kde_heuristic;512;0;relative;62.506850
tpch;5;dt;0.01;kde_adaptive;512;500;relative;37.841464
tpch;5;dt;0.01;kde_batch;512;500;relative;28.800096
set1;2;dv;0.01;stholes;256;500;relative;227.953573
set1;2;dv;0.01;kde_heuristic;512;0;relative;52.387601
set1;2;dv;0.01;kde_adaptive;512;500;relative;114.433798
set1;2;dv;0.01;kde_adaptive;512;500;relative;93.763230
set1;2;dv;0.01;kde_adaptive;512;500;relative;78.955885
set1;2;dv;0.01;kde_adaptive;512;500;relative;76.926542
set1;2;dv;0.01;kde_adaptive;512;500;relative;91.274916
set1;2;dv;0.01;kde_adaptive;512;500;relative;61.492649
set1;2;dv;0.01;kde_adaptive;512;500;relative;98.583666
set1;2;dv;0.01;kde_adaptive;512;500;relative;85.431952
set1;2;dv;0.01;kde_adaptive;512;500;relative;94.867860
set1;2;dv;0.01;kde_adaptive;512;500;relative;77.356420
set1;2;dv;0.01;kde_adaptive;512;500;relative;83.380589
set1;2;dv;0.01;kde_adaptive;512;500;relative;88.004387
set1;2;dv;0.01;kde_adaptive;512;500;relative;89.756986
set1;2;dv;0.01;kde_adaptive;512;500;relative;84.002512
set1;2;dv;0.01;kde_adaptive;512;500;relative;55.690107
set1;2;dv;0.01;kde_adaptive;512;500;relative;80.648341
forest;5;dt;0.01;kde_batch;512;500;relative;54.718548
forest;5;dt;0.01;kde_batch;512;500;relative;50.295240
forest;5;dt;0.01;kde_batch;512;500;relative;53.870182
forest;5;dt;0.01;kde_batch;512;500;relative;52.680719
forest;5;dt;0.01;kde_batch;512;500;relative;29.768023
forest;5;dt;0.01;kde_batch;512;500;relative;25.517090
forest;5;dt;0.01;kde_batch;512;500;relative;28.387268
forest;5;dt;0.01;kde_batch;512;500;relative;24.481590
forest;5;dt;0.01;kde_batch;512;500;relative;29.128730
forest;5;dt;0.01;kde_batch;512;500;relative;27.504752
forest;5;dt;0.01;kde_batch;512;500;relative;26.553638
forest;5;dt;0.01;kde_batch;512;500;relative;30.132510
forest;5;dt;0.01;kde_batch;512;500;relative;26.192066
forest;5;dt;0.01;kde_batch;512;500;relative;28.469695
forest;5;dt;0.01;kde_batch;512;500;relative;25.395877
forest;5;dv;0.01;kde_batch;512;500;relative;40.102595
forest;5;dv;0.01;kde_batch;512;500;relative;41.818361
forest;5;dv;0.01;kde_batch;512;500;relative;46.915037
forest;5;dv;0.01;kde_batch;512;500;relative;39.810359
forest;5;dv;0.01;kde_batch;512;500;relative;39.065697
forest;5;dt;0.01;kde_adaptive;512;500;relative;29.510091
forest;5;dt;0.01;kde_batch;512;500;relative;27.564640
forest;5;dt;0.01;kde_adaptive;512;500;relative;28.068672
forest;5;dt;0.01;kde_batch;512;500;relative;29.878814
forest;5;dt;0.01;kde_adaptive;512;500;relative;29.015384
forest;5;dt;0.01;kde_batch;512;500;relative;31.081534
forest;5;dt;0.01;kde_adaptive;512;500;relative;28.664802
forest;5;dt;0.01;kde_batch;512;500;relative;26.287336
forest;5;dt;0.01;kde_adaptive;512;500;relative;29.355115
forest;5;dt;0.01;kde_batch;512;500;relative;27.845386
forest;5;dv;0.01;kde_adaptive;512;500;relative;58.584715
forest;5;dv;0.01;kde_batch;512;500;relative;41.749181
forest;5;dv;0.01;kde_adaptive;512;500;relative;49.272379
forest;5;dv;0.01;kde_batch;512;500;relative;50.161866
forest;5;dv;0.01;kde_adaptive;512;500;relative;46.347409
forest;5;dv;0.01;kde_batch;512;500;relative;36.350732
forest;5;dv;0.01;kde_adaptive;512;500;relative;48.021402
forest;5;dv;0.01;kde_batch;512;500;relative;40.320562
forest;5;dv;0.01;kde_adaptive;512;500;relative;53.551959
forest;5;dv;0.01;kde_batch;512;500;relative;58.382727
forest;5;dt;0.01;kde_adaptive;512;500;relative;52.438126
forest;5;dt;0.01;kde_batch;512;500;relative;28.123901
forest;5;dt;0.01;kde_adaptive;512;500;relative;54.690981
forest;5;dt;0.01;kde_batch;512;500;relative;27.422971
forest;5;dt;0.01;kde_adaptive;512;500;relative;54.049429
forest;5;dt;0.01;kde_batch;512;500;relative;25.547205
forest;5;dt;0.01;kde_adaptive;512;500;relative;51.738187
forest;5;dt;0.01;kde_batch;512;500;relative;25.264520
forest;5;dt;0.01;kde_adaptive;512;500;relative;53.856927
forest;5;dt;0.01;kde_batch;512;500;relative;27.914426
forest;5;dv;0.01;kde_adaptive;512;500;relative;48.220840
forest;5;dv;0.01;kde_batch;512;500;relative;38.756685
forest;5;dv;0.01;kde_adaptive;512;500;relative;46.196029
forest;5;dv;0.01;kde_batch;512;500;relative;38.203228
forest;5;dv;0.01;kde_adaptive;512;500;relative;44.739978
forest;5;dv;0.01;kde_batch;512;500;relative;40.439730
forest;5;dv;0.01;kde_adaptive;512;500;relative;41.805407
forest;5;dv;0.01;kde_batch;512;500;relative;37.925347
forest;5;dv;0.01;kde_adaptive;512;500;relative;55.580175
forest;5;dv;0.01;kde_batch;512;500;relative;41.037633
forest;5;dt;0.01;kde_adaptive;512;500;relative;55.692588
forest;5;dt;0.01;kde_batch;512;500;relative;26.002924
forest;5;dt;0.01;kde_adaptive;512;500;relative;51.958212
forest;5;dt;0.01;kde_batch;512;500;relative;30.762544
forest;5;dt;0.01;kde_adaptive;512;500;relative;53.073236
forest;5;dt;0.01;kde_batch;512;500;relative;27.039968
forest;5;dt;0.01;kde_adaptive;512;500;relative;54.362858
forest;5;dt;0.01;kde_batch;512;500;relative;27.445867
forest;5;dt;0.01;kde_adaptive;512;500;relative;52.770821
forest;5;dt;0.01;kde_batch;512;500;relative;24.758711
forest;5;dv;0.01;kde_adaptive;512;500;relative;75.820088
forest;5;dv;0.01;kde_batch;512;500;relative;40.220815
forest;5;dv;0.01;kde_adaptive;512;500;relative;47.689414
forest;5;dv;0.01;kde_batch;512;500;relative;42.350474
forest;5;dv;0.01;kde_adaptive;512;500;relative;51.322850
forest;5;dv;0.01;kde_batch;512;500;relative;38.240081
forest;5;dv;0.01;kde_adaptive;512;500;relative;45.084344
forest;5;dv;0.01;kde_batch;512;500;relative;41.437339
forest;5;dv;0.01;kde_adaptive;512;500;relative;42.440275
forest;5;dv;0.01;kde_batch;512;500;relative;40.688266
forest;5;dt;0.01;kde_adaptive;512;500;relative;51.894015
forest;5;dt;0.01;kde_batch;512;500;relative;27.276069
forest;5;dt;0.01;kde_adaptive;512;500;relative;54.216963
forest;5;dt;0.01;kde_batch;512;500;relative;29.996938
forest;5;dt;0.01;kde_adaptive;512;500;relative;52.805024
forest;5;dt;0.01;kde_batch;512;500;relative;27.410915
forest;5;dt;0.01;kde_adaptive;512;500;relative;56.038108
forest;5;dt;0.01;kde_batch;512;500;relative;27.302985
forest;5;dt;0.01;kde_adaptive;512;500;relative;52.371868
forest;5;dt;0.01;kde_batch;512;500;relative;26.803977
forest;5;dv;0.01;kde_adaptive;512;500;relative;51.076292
forest;5;dv;0.01;kde_batch;512;500;relative;39.940171
forest;5;dv;0.01;kde_adaptive;512;500;relative;50.430808
forest;5;dv;0.01;kde_batch;512;500;relative;38.718483
forest;5;dv;0.01;kde_adaptive;512;500;relative;59.905288
forest;5;dv;0.01;kde_batch;512;500;relative;38.549454
forest;5;dv;0.01;kde_adaptive;512;500;relative;43.158795
forest;5;dv;0.01;kde_batch;512;500;relative;42.542691
forest;5;dv;0.01;kde_adaptive;512;500;relative;48.529857
forest;5;dv;0.01;kde_batch;512;500;relative;41.934538
forest;5;dt;0.01;kde_adaptive;512;500;relative;52.757272
forest;5;dt;0.01;kde_adaptive;512;500;relative;29.872623
forest;5;dt;0.01;kde_batch;512;500;relative;26.623720
forest;5;dt;0.01;kde_adaptive;512;500;relative;28.146623
forest;5;dt;0.01;kde_batch;512;500;relative;31.426137
forest;5;dt;0.01;kde_adaptive;512;500;relative;28.920864
forest;5;dt;0.01;kde_batch;512;500;relative;27.057351
forest;5;dt;0.01;kde_adaptive;512;500;relative;32.664173
forest;5;dt;0.01;kde_batch;512;500;relative;27.155659
forest;5;dt;0.01;kde_adaptive;512;500;relative;26.231610
forest;5;dt;0.01;kde_batch;512;500;relative;26.909598
forest;5;dv;0.01;kde_adaptive;512;500;relative;51.103401
forest;5;dv;0.01;kde_batch;512;500;relative;49.211989
